{
  "id": "MEES631",
  "title": "Fish Ecology",
  "credits": "3",
  "description": "Restriction: Permission of instructor.",
  "grading-method": [
    "Reg",
    "S-F"
  ],
  "sections": [
    {
      "id": "0101",
      "instructors": [
        "David Secor",
        "Thomas Miller"
      ],
      "seats": 20,
      "open-seats": 12,
      "waitlist": 0,
      "days": "MW",
      "start": "11:00am",
      "end": "12:20pm",
      "building": "HJP",
      "room": "1213B"
    }
  ],
  "term": "202001",
  "department": "Marine-Estuarine-Environmental Sciences",
  "updated": "2020-08-03T19:55:15.760482Z"
}