{
  "id": "MEES618D",
  "title": "Seminars in Marine Estuarine Environmental Sciences; Ethical Aspects of Environmental Science",
  "credits": "1",
  "description": "Taught over the Interactive Video Network (IVN).",
  "grading-method": [
    "Reg",
    "Aud",
    "S-F"
  ],
  "sections": [
    {
      "id": "0101",
      "instructors": [
        "Cynthia Palinkas"
      ],
      "seats": 20,
      "open-seats": 13,
      "waitlist": 0,
      "days": "M",
      "start": "1:00pm",
      "end": "1:50pm",
      "building": "HJP",
      "room": "1213B"
    }
  ],
  "term": "202001",
  "department": "Marine-Estuarine-Environmental Sciences",
  "updated": "2020-08-03T19:55:12.302685Z"
}