{
  "id": "MEES609A",
  "title": "Professional Development in Marine Estuarine Environmental Science; Applied Environmental Science",
  "credits": "2",
  "description": "Taught over the interactive Video Network (IVN).",
  "grading-method": [
    "Reg",
    "Aud",
    "S-F"
  ],
  "sections": [
    {
      "id": "0101",
      "instructors": [
        "Carys Mitchelmore",
        "Thomas Miller"
      ],
      "seats": 40,
      "open-seats": 10,
      "waitlist": 0,
      "days": "M",
      "start": "2:00pm",
      "end": "3:50pm",
      "building": "HJP",
      "room": "1213B"
    }
  ],
  "term": "202001",
  "department": "Marine-Estuarine-Environmental Sciences",
  "updated": "2020-08-03T19:55:08.824500Z"
}