{
  "id": "MEES498T",
  "title": "Topics in Marine-Estuarine-Environmental Sciences; Marine and Environmental Biotechnology",
  "credits": "3",
  "description": "Cross-listed with MEES698T. Credit only granted for MEES498T or MEES698T. Taught at Institute of Marine and Environmental Technology (IMET) and over the Interactive Video Network (IVN).",
  "grading-method": [
    "Reg",
    "P-F",
    "Aud"
  ],
  "sections": [
    {
      "id": "0101",
      "instructors": [
        "Jum Sook Chung"
      ],
      "seats": 20,
      "open-seats": 17,
      "waitlist": 0,
      "days": "MW",
      "start": "9:30am",
      "end": "10:50am",
      "building": "HJP",
      "room": "1213C"
    }
  ],
  "term": "202001",
  "department": "Marine-Estuarine-Environmental Sciences",
  "updated": "2020-08-03T19:55:06.501530Z"
}