{
  "id": "MEES498Q",
  "title": "Topics in Marine-Estuarine-Environmental Sciences; Globla Climate Change",
  "credits": "3",
  "description": "Cross-listed with MEES698Q. Credit only granted for MEES498Q or MEES698Q. Taught over the Interactive Video Network (IVN).",
  "grading-method": [
    "Reg",
    "P-F",
    "Aud"
  ],
  "sections": [
    {
      "id": "0101",
      "instructors": [
        "Hali Kilbourne",
        "Mark Cochrane",
        "Jacqueline Grebmeier",
        "Lee Cooper"
      ],
      "seats": 20,
      "open-seats": 20,
      "waitlist": 0,
      "days": "MW",
      "start": "9:30am",
      "end": "10:50am",
      "building": "HJP",
      "room": "1213B"
    }
  ],
  "term": "202001",
  "department": "Marine-Estuarine-Environmental Sciences",
  "updated": "2020-02-10T14:45:13.303759Z"
}