{
  "id": "MEES621",
  "title": "Biological Oceanography",
  "credits": "4",
  "description": "Population and community ecology of estuarine and marine systems; coastal and estuarine processes are emphasized in the context of oceans in general. Field and lab trips required.",
  "grading-method": [
    "Reg",
    "Aud",
    "S-F"
  ],
  "sections": [
    {
      "id": "0101",
      "instructors": [
        "Judith O'Neil",
        "Louis Plough",
        "Raleigh Hood"
      ],
      "seats": 15,
      "open-seats": 3,
      "waitlist": 0,
      "days": "TuTh",
      "start": "12:30pm",
      "end": "2:20pm",
      "building": "HJP",
      "room": "1213B"
    }
  ],
  "term": "202001",
  "department": "Marine-Estuarine-Environmental Sciences",
  "updated": "2020-08-03T19:55:13.451369Z"
}