{
  "id": "MEES743",
  "title": "Aquatic Toxicology",
  "credits": "3",
  "description": "Comprehensive course in which a definitive description of basic concepts and principles, laboratory testing and field situations, as well as examples of typical data and their interpretation and use by industry and water resource managers, will be discussed. The toxicological action and fate of environmental pollutants will be examined in aquatic ecosystems, whole organisms and at the cellular, biochemical and molecular levels.",
  "grading-method": [
    "Reg",
    "Aud"
  ],
  "sections": [],
  "term": "202001",
  "department": "Marine-Estuarine-Environmental Sciences",
  "updated": "2019-10-16T23:51:10.142569Z"
}