{
  "id": "MEES432",
  "title": "Physiological Ecology of Animals",
  "credits": "3",
  "description": "Prerequisite: BSCI361; or students who have taken courses with comparable content may contact the department; or permission of instructor.\nCredit only granted for: MEES498E, MEES698E, MEES432, or MEES632.\nFormerly: MEES498E.",
  "grading-method": [
    "Reg",
    "P-F",
    "Aud"
  ],
  "sections": [],
  "term": "202001",
  "department": "Marine-Estuarine-Environmental Sciences",
  "updated": "2019-10-16T23:50:54.342038Z"
}