{
  "id": "MEES718D",
  "title": "Study Groups on Issues in Marine Estuarine Enviornmental Sciences; Ocean Deoxygenation",
  "credits": "2",
  "description": "Taught over the Interactive Video Network (IVN).",
  "grading-method": [
    "Reg",
    "Aud",
    "S-F"
  ],
  "sections": [
    {
      "id": "0101",
      "instructors": [
        "Clara Fuchsman"
      ],
      "seats": 20,
      "open-seats": 13,
      "waitlist": 0,
      "days": "W",
      "start": "1:00pm",
      "end": "2:50pm",
      "building": "HJP",
      "room": "1213B"
    }
  ],
  "term": "202001",
  "department": "Marine-Estuarine-Environmental Sciences",
  "updated": "2020-08-03T19:55:22.662525Z"
}