{
  "id": "MEES708M",
  "title": "Advanced Topics in Marine-Estuarine-Environmental Science; Environmental Statistic II",
  "credits": "3",
  "description": "Taught over the Interactive Video Network (IVN).\n\nThis course will extend statistical training of the students to advanced topics of time series analysis and spatial statistics. After taking this course, students will be familiar with a variety of state-of-the-art approaches for qualitative analysis of time- and space-dependent data. Students will become competent users of these methods by practicing them in class and in their homework assignments using the statistical programming language R.\n\nThis course fills the Professional Development requirement.",
  "grading-method": [
    "Reg",
    "Aud",
    "S-F"
  ],
  "sections": [
    {
      "id": "0101",
      "instructors": [
        "Viacheslav Lyubchich",
        "Dong Liang"
      ],
      "seats": 30,
      "open-seats": 22,
      "waitlist": 0,
      "days": "TuTh",
      "start": "9:30am",
      "end": "10:50am",
      "building": "HJP",
      "room": "1213B"
    }
  ],
  "term": "202001",
  "department": "Marine-Estuarine-Environmental Sciences",
  "updated": "2020-08-03T19:55:20.354050Z"
}