{
  "id": "MEES608F",
  "title": "Seminar in Marine-Estuarine-Environmental Sciences; Current Topics in Fisheries Science: Best Papers in Fisheries",
  "credits": "1",
  "description": "This class will explore topics of current interest in the fisheries sciences. The class will consist of a mix of readings and presentations by students and/or professional fishery scientists concerning different aspects of fisheries and their management. Students will explore current and classic literature on the selected topics, and complete a final project that could be a presentation or group project. Students will select topics from lists of Best Papers in Fisheries originating from several different sources, and use those papers as a basis to explore related literature.",
  "grading-method": [
    "Reg",
    "Aud"
  ],
  "sections": [],
  "term": "202001",
  "department": "Marine-Estuarine-Environmental Sciences",
  "updated": "2019-10-16T23:50:56.595508Z"
}