{
  "id": "MEES684",
  "title": "Marine Microbial Ecology",
  "credits": "3",
  "description": "The primary goal of this course is to become familiar with the diversity, ecology, and biogeochemical roles of Bacteria, Archaea, microbial Eukaryotes, viruses, and fungi in the marine environment. The course will also cover the latest discoveries in molecular microbial ecology. Each main topic will begin with a lecture and will be followed by a paper discussion. For the paper discussions, each student will present selected papers specified in the syllabus (or by consensus with the course instructors). Students will also participate in class discussions.",
  "grading-method": [
    "Reg",
    "Aud",
    "S-F"
  ],
  "sections": [
    {
      "id": "0101",
      "instructors": [
        "Sairah Malkin",
        "Feng Chen"
      ],
      "seats": 20,
      "open-seats": 13,
      "waitlist": 0,
      "days": "TuTh",
      "start": "11:00am",
      "end": "12:20pm",
      "building": "HJP",
      "room": "1213B"
    }
  ],
  "term": "202001",
  "department": "Marine-Estuarine-Environmental Sciences",
  "updated": "2020-08-03T19:55:16.923384Z"
}