{
  "id": "MEES618C",
  "title": "Seminars in Marine Estuarine Environmental Sciences; Next Generation Sequence and Analysis",
  "credits": "2",
  "description": "Taught over the Interactive Video Network (IVN).",
  "grading-method": [
    "Reg",
    "Aud",
    "S-F"
  ],
  "sections": [
    {
      "id": "0101",
      "instructors": [
        "Tsvetan Bachvaroff"
      ],
      "seats": 20,
      "open-seats": 9,
      "waitlist": 0,
      "days": "Th",
      "start": "3:00pm",
      "end": "4:50pm",
      "building": "HJP",
      "room": "1213B"
    }
  ],
  "term": "202001",
  "department": "Marine-Estuarine-Environmental Sciences",
  "updated": "2020-08-03T19:55:11.145198Z"
}