{
  "id": "MEES698R",
  "title": "Special Topics in Marine-Estuarine-Environmental Sciences; Marine Biophysical Systems",
  "credits": "3",
  "description": "Taught over the Interactive Video Network (IVN).",
  "grading-method": [
    "Reg",
    "Aud"
  ],
  "sections": [
    {
      "id": "0101",
      "instructors": [
        "Kenneth Rose"
      ],
      "seats": 20,
      "open-seats": 19,
      "waitlist": 0,
      "days": "TuTh",
      "start": "3:30pm",
      "end": "4:50pm",
      "building": "HJP",
      "room": "1213C"
    }
  ],
  "term": "202001",
  "department": "Marine-Estuarine-Environmental Sciences",
  "updated": "2020-02-10T14:45:27.162929Z"
}