{
  "id": "MEES622",
  "title": "Sustainability Science: quantitative and systems approach",
  "credits": "3",
  "description": "Modern sustainability science goes beyond single-resource management and integrates biophysical and socio-economic considerations of sustainability. This course is designed to help provide students with a historical background, critical thinking approaches, and analytical tools to address sustainability from a scientific perspective.",
  "grading-method": [
    "Reg",
    "Aud",
    "S-F"
  ],
  "sections": [
    {
      "id": "0101",
      "instructors": [
        "Xin Zhang",
        "Eric Davidson"
      ],
      "seats": 20,
      "open-seats": 12,
      "waitlist": 0,
      "days": "TuTh",
      "start": "12:30pm",
      "end": "1:50pm",
      "building": "HJP",
      "room": "1213C"
    }
  ],
  "term": "202001",
  "department": "Marine-Estuarine-Environmental Sciences",
  "updated": "2020-08-03T19:55:14.611038Z"
}