{
  "id": "MEES608T",
  "title": "Seminar in Marine-Estuarine-Environmental Sciences; Scaling Fisheries: An Early History of Fisheries Science",
  "credits": "1",
  "description": "Taught over the Interactive Video Network (IVN).",
  "grading-method": [
    "Reg",
    "Aud",
    "S-F"
  ],
  "sections": [
    {
      "id": "0101",
      "instructors": [
        "Genevieve Nesslage"
      ],
      "seats": 20,
      "open-seats": 13,
      "waitlist": 0,
      "days": "F",
      "start": "9:00am",
      "end": "9:50am",
      "building": "HJP",
      "room": "1213C"
    }
  ],
  "term": "202001",
  "department": "Marine-Estuarine-Environmental Sciences",
  "updated": "2020-08-03T19:55:07.665607Z"
}