{
  "id": "MEES708T",
  "title": "Advanced Topics in Marine-Estuarine-Environmental Science; Science Visualization",
  "credits": "2",
  "description": "Taught over the Interactive Video Network (IVN)\n\nThis course fills the Professional Development requirement.",
  "grading-method": [
    "Reg",
    "Aud",
    "S-F"
  ],
  "sections": [
    {
      "id": "0101",
      "instructors": [
        "William Dennison"
      ],
      "seats": 20,
      "open-seats": 8,
      "waitlist": 0,
      "days": "F",
      "start": "10:00am",
      "end": "11:50am",
      "building": "HJP",
      "room": "1213B"
    }
  ],
  "term": "202001",
  "department": "Marine-Estuarine-Environmental Sciences",
  "updated": "2020-08-03T19:55:21.507683Z"
}