{
  "id": "MEES617",
  "title": "Hydrological Effects of Land Use Change",
  "credits": "3",
  "description": "Prerequisite: Statistics course and hydrology course or permission of instructor.",
  "grading-method": [
    "Reg",
    "Aud",
    "S-F"
  ],
  "sections": [
    {
      "id": "0101",
      "instructors": [
        "Jeremy Testa",
        "Keith Eshleman"
      ],
      "seats": 20,
      "open-seats": 15,
      "waitlist": 0,
      "days": "TuTh",
      "start": "11:00am",
      "end": "12:20pm",
      "building": "TBA",
      "room": ""
    }
  ],
  "term": "202001",
  "department": "Marine-Estuarine-Environmental Sciences",
  "updated": "2020-08-03T19:55:09.989909Z"
}