{
  "id": "MEES718F",
  "title": "Study Groups on Issues in Marine Estuarine Enviornmental Sciences; Shellfish Aquaculture and the Environment",
  "credits": "2",
  "description": "Taught of the Interactive Video Network (IVN).",
  "grading-method": [
    "Reg",
    "Aud",
    "S-F"
  ],
  "sections": [
    {
      "id": "0101",
      "instructors": [
        "Matthew Gray"
      ],
      "seats": 20,
      "open-seats": 15,
      "waitlist": 0,
      "days": "F",
      "start": "1:00pm",
      "end": "2:50pm",
      "building": "HJP",
      "room": "1213B"
    }
  ],
  "term": "202001",
  "department": "Marine-Estuarine-Environmental Sciences",
  "updated": "2020-08-03T19:55:23.818975Z"
}