{
  "id": "BIOM688E",
  "title": "Topics in Biometrics; Computational and Statistical Genomics",
  "credits": "3",
  "description": "",
  "grading-method": [
    "Reg",
    "Aud",
    "S-F"
  ],
  "sections": [
    {
      "id": "0101",
      "instructors": [
        "Jiuzhou Song"
      ],
      "seats": 15,
      "open-seats": 13,
      "waitlist": 0,
      "days": "MW",
      "start": "4:00pm",
      "end": "5:15pm",
      "building": "ANS",
      "room": "0402"
    }
  ],
  "term": "202001",
  "department": "Biometrics",
  "updated": "2020-08-03T18:55:06.367109Z"
}