{
  "id": "BIOM301",
  "title": "Introduction to Biometrics",
  "credits": "3",
  "description": "Prerequisite: MATH113 or MATH115.\nCredit only granted for: BIOM301, BMGT230, CCJS200, ECON230, ECON321, EDMS451, GEOG306, GEOL351, GVPT422, INST314, JOUR405, PSYC200 or SOCY201.",
  "grading-method": [
    "Reg",
    "P-F",
    "Aud"
  ],
  "sections": [
    {
      "id": "0101",
      "instructors": [
        "Christine Hakenkamp"
      ],
      "seats": 28,
      "open-seats": 0,
      "waitlist": 0,
      "days": "TuTh",
      "start": "12:30pm",
      "end": "1:20pm",
      "building": "EGR",
      "room": "1202"
    },
    {
      "id": "0102",
      "instructors": [
        "Christine Hakenkamp"
      ],
      "seats": 28,
      "open-seats": 0,
      "waitlist": 0,
      "days": "TuTh",
      "start": "12:30pm",
      "end": "1:20pm",
      "building": "EGR",
      "room": "1202"
    },
    {
      "id": "0103",
      "instructors": [
        "Christine Hakenkamp"
      ],
      "seats": 28,
      "open-seats": 1,
      "waitlist": 0,
      "days": "TuTh",
      "start": "12:30pm",
      "end": "1:20pm",
      "building": "EGR",
      "room": "1202"
    },
    {
      "id": "0104",
      "instructors": [
        "Christine Hakenkamp"
      ],
      "seats": 28,
      "open-seats": 0,
      "waitlist": 0,
      "days": "TuTh",
      "start": "12:30pm",
      "end": "1:20pm",
      "building": "EGR",
      "room": "1202"
    },
    {
      "id": "0105",
      "instructors": [
        "Christine Hakenkamp"
      ],
      "seats": 28,
      "open-seats": 0,
      "waitlist": 0,
      "days": "TuTh",
      "start": "12:30pm",
      "end": "1:20pm",
      "building": "EGR",
      "room": "1202"
    },
    {
      "id": "0106",
      "instructors": [
        "Christine Hakenkamp"
      ],
      "seats": 28,
      "open-seats": 0,
      "waitlist": 0,
      "days": "TuTh",
      "start": "12:30pm",
      "end": "1:20pm",
      "building": "EGR",
      "room": "1202"
    },
    {
      "id": "0107",
      "instructors": [
        "Christine Hakenkamp"
      ],
      "seats": 26,
      "open-seats": 0,
      "waitlist": 0,
      "days": "TuTh",
      "start": "12:30pm",
      "end": "1:20pm",
      "building": "EGR",
      "room": "1202"
    },
    {
      "id": "SG91",
      "instructors": [
        "Christine Hakenkamp"
      ],
      "seats": 40,
      "open-seats": 8,
      "waitlist": 0,
      "days": "MF",
      "start": "10:00am",
      "end": "10:50am",
      "building": "BLD4",
      "room": "4321"
    }
  ],
  "term": "202001",
  "department": "Biometrics",
  "updated": "2020-08-03T18:55:03.968454Z"
}