{
  "id": "TLTC333",
  "title": "Fundamentals of Academic Peer Mentoring",
  "credits": "1",
  "description": "Restriction: Permission of TLTC required - enrollment restriction.",
  "grading-method": [
    "Reg",
    "P-F"
  ],
  "sections": [
    {
      "id": "0101",
      "instructors": [
        "Hannah Jardine",
        "Danielle Pafe"
      ],
      "seats": 40,
      "open-seats": 1,
      "waitlist": 0,
      "days": "M",
      "start": "10:00am",
      "end": "10:50am",
      "building": "ESJ",
      "room": "ONLINE"
    },
    {
      "id": "0102",
      "instructors": [
        "Hannah Jardine",
        "Danielle Pafe"
      ],
      "seats": 40,
      "open-seats": 0,
      "waitlist": 0,
      "days": "M",
      "start": "11:00am",
      "end": "11:50am",
      "building": "ESJ",
      "room": "ONLINE"
    },
    {
      "id": "0103",
      "instructors": [
        "Danielle Pafe",
        "Hannah Jardine"
      ],
      "seats": 40,
      "open-seats": 5,
      "waitlist": 0,
      "days": "M",
      "start": "2:00pm",
      "end": "2:50pm",
      "building": "ESJ",
      "room": "ONLINE"
    },
    {
      "id": "0104",
      "instructors": [
        "Danielle Pafe",
        "Hannah Jardine"
      ],
      "seats": 40,
      "open-seats": 10,
      "waitlist": 0,
      "days": "M",
      "start": "3:00pm",
      "end": "3:50pm",
      "building": "ESJ",
      "room": "ONLINE"
    },
    {
      "id": "0105",
      "instructors": [
        "Danielle Pafe",
        "Hannah Jardine"
      ],
      "seats": 40,
      "open-seats": 7,
      "waitlist": 0,
      "days": "Tu",
      "start": "12:30pm",
      "end": "1:20pm",
      "building": "ESJ",
      "room": "ONLINE"
    },
    {
      "id": "0106",
      "instructors": [
        "Hannah Jardine",
        "Danielle Pafe"
      ],
      "seats": 40,
      "open-seats": 15,
      "waitlist": 0,
      "days": "Tu",
      "start": "2:00pm",
      "end": "2:50pm",
      "building": "ESJ",
      "room": "ONLINE"
    },
    {
      "id": "0107",
      "instructors": [
        "Danielle Pafe",
        "Hannah Jardine"
      ],
      "seats": 40,
      "open-seats": 18,
      "waitlist": 0,
      "days": "Tu",
      "start": "3:30pm",
      "end": "4:20pm",
      "building": "ESJ",
      "room": "ONLINE"
    }
  ],
  "term": "202001",
  "department": "Teaching and Learning Transformation Center",
  "updated": "2020-08-03T20:15:02.529338Z"
}