{
  "id": "TLTC399",
  "title": "Independent Study in Academic Peer Mentoring",
  "credits": "1",
  "description": "Prerequisite: Must have completed or be concurrently enrolled in TLTC333. Restriction: Permission of TLTC required - enrollment restriction. Repeatable to 6 credits.\n\nEarn academic credit for the time spent supporting a course in TLTC's Academic Peer Mentoring Program (AMP).",
  "grading-method": [
    "Reg",
    "P-F"
  ],
  "sections": [],
  "term": "202001",
  "department": "Teaching and Learning Transformation Center",
  "updated": "2020-08-03T20:15:03.915683Z"
}