{
  "id": "TLTC798",
  "title": "University Teaching and Learning",
  "credits": "1",
  "description": "Restriction: Permission of TLTC-Teaching and Learning Transformation Center. Repeatable to 6 credits if content differs. Formerly: UNIV798.\n\nSpecial topic courses directed at experienced graduate teaching assistants who are interested in university teaching and learning issues. Can be used by students for participation in the University Teaching and Learning Program.",
  "grading-method": [
    "Reg",
    "S-F"
  ],
  "sections": [
    {
      "id": "0101",
      "instructors": [
        "Marissa Stewart"
      ],
      "seats": 20,
      "open-seats": 4,
      "waitlist": 0,
      "days": "Tu",
      "start": "2:00pm",
      "end": "4:00pm",
      "building": "ESJ",
      "room": "1103"
    }
  ],
  "term": "202001",
  "department": "Teaching and Learning Transformation Center",
  "updated": "2020-08-03T20:15:06.184149Z"
}