{
  "id": "TLTC499A",
  "title": "Independent Study in Teaching and Learning",
  "credits": "1",
  "description": "Prerequisite: Must have completed TLTC333. Restriction: Permission of TLTC department required. Contact department for information to register for this course.",
  "grading-method": [
    "Reg",
    "P-F"
  ],
  "sections": [
    {
      "id": "0101",
      "instructors": [
        "Danielle Pafe",
        "Hannah Jardine"
      ],
      "seats": 10,
      "open-seats": 7,
      "waitlist": 0,
      "days": "",
      "start": "",
      "end": "",
      "building": "",
      "room": ""
    }
  ],
  "term": "202001",
  "department": "Teaching and Learning Transformation Center",
  "updated": "2020-08-03T20:15:05.030351Z"
}