{
  "id": "BCHM675",
  "title": "Biophysical Chemistry",
  "credits": "3",
  "description": "Prerequisite: CHEM481 and BCHM461; or students who have taken courses with comparable content may contact the department.",
  "grading-method": [
    "Reg",
    "Aud",
    "S-F"
  ],
  "sections": [
    {
      "id": "0101",
      "instructors": [
        "Dorothy Beckett"
      ],
      "seats": 25,
      "open-seats": 11,
      "waitlist": 0,
      "days": "TuTh",
      "start": "9:30am",
      "end": "10:45am",
      "building": "CHM",
      "room": "0124"
    }
  ],
  "term": "202001",
  "department": "Biochemistry",
  "updated": "2020-08-03T18:53:38.697728Z"
}