{
  "id": "BCHM111Y",
  "title": "BrewMD",
  "credits": "1",
  "description": "Prerequisite: none.\nCorequisite: none.\nRecommended: none.\nRestriction: none.\nAdditional information: This is a student initiated course (STIC). As such it will be lead by student instructors under the supervision of a departmental faculty member.",
  "grading-method": [
    "Reg",
    "P-F"
  ],
  "sections": [
    {
      "id": "0101",
      "instructors": [
        "Lee Friedman"
      ],
      "seats": 30,
      "open-seats": 1,
      "waitlist": 0,
      "days": "W",
      "start": "4:00pm",
      "end": "4:50pm",
      "building": "CHM",
      "room": "0128"
    }
  ],
  "term": "202001",
  "department": "Biochemistry",
  "updated": "2020-08-03T18:53:30.528622Z"
}