{
  "id": "BCHM889A",
  "title": "Seminar; Biochemistry",
  "credits": "1",
  "description": "",
  "grading-method": [
    "Reg",
    "Aud",
    "S-F"
  ],
  "sections": [
    {
      "id": "0101",
      "instructors": [
        "Myles Poulin"
      ],
      "seats": 35,
      "open-seats": 24,
      "waitlist": 0,
      "days": "Tu",
      "start": "11:00am",
      "end": "11:50am",
      "building": "CHM",
      "room": "0112"
    }
  ],
  "term": "202001",
  "department": "Biochemistry",
  "updated": "2020-08-03T18:53:44.372915Z"
}