{
  "id": "BCHM462",
  "title": "Biochemistry II",
  "credits": "3",
  "description": "Prerequisite: Minimum grade of C- in BCHM461.\nCredit only granted for: BCHM462 or BCHM463.",
  "grading-method": [
    "Reg",
    "P-F",
    "Aud"
  ],
  "sections": [
    {
      "id": "0101",
      "instructors": [
        "Myles Poulin"
      ],
      "seats": 78,
      "open-seats": 4,
      "waitlist": 0,
      "days": "TuTh",
      "start": "2:00pm",
      "end": "3:15pm",
      "building": "CHM",
      "room": "1402"
    },
    {
      "id": "0102",
      "instructors": [
        "Douglas Julin"
      ],
      "seats": 78,
      "open-seats": 11,
      "waitlist": 0,
      "days": "MWF",
      "start": "1:00pm",
      "end": "1:50pm",
      "building": "CHM",
      "room": "1402"
    }
  ],
  "term": "202001",
  "department": "Biochemistry",
  "updated": "2020-08-03T18:53:32.853832Z"
}