{
  "id": "BCHM676",
  "title": "Biological Mass Spectrometry",
  "credits": "3",
  "description": "Prerequisite: BCHM461 or BCHM463.\nFormerly: BCHM669B.",
  "grading-method": [
    "Reg",
    "Aud",
    "S-F"
  ],
  "sections": [
    {
      "id": "0101",
      "instructors": [
        "Peter Nemes"
      ],
      "seats": 20,
      "open-seats": 8,
      "waitlist": 0,
      "days": "TuTh",
      "start": "12:30pm",
      "end": "1:45pm",
      "building": "CHM",
      "room": "0124"
    }
  ],
  "term": "202001",
  "department": "Biochemistry",
  "updated": "2020-08-03T18:53:39.846380Z"
}