{
  "id": "BCHM463",
  "title": "Biochemistry of Physiology",
  "credits": "3",
  "description": "Prerequisite: Minimum grade of C- in CHEM271 and CHEM272; or minimum grade of C- in CHEM276 and CHEM277.\nCredit only granted for: BCHM461, BCHM462 or BCHM463.",
  "grading-method": [
    "Reg",
    "P-F",
    "Aud"
  ],
  "sections": [
    {
      "id": "0101",
      "instructors": [
        "Nicole LaRonde"
      ],
      "seats": 130,
      "open-seats": 94,
      "waitlist": 0,
      "days": "MWF",
      "start": "2:00pm",
      "end": "2:50pm",
      "building": "CHM",
      "room": "1402"
    },
    {
      "id": "0201",
      "instructors": [
        "Christopher Capp"
      ],
      "seats": 117,
      "open-seats": 2,
      "waitlist": 0,
      "days": "TuTh",
      "start": "2:00pm",
      "end": "3:15pm",
      "building": "PHY",
      "room": "1410"
    },
    {
      "id": "SES1",
      "instructors": [
        "Bonnie Dixon"
      ],
      "seats": 45,
      "open-seats": 26,
      "waitlist": 0,
      "days": "M",
      "start": "6:30pm",
      "end": "9:30pm",
      "building": "CHM",
      "room": "2201"
    }
  ],
  "term": "202001",
  "department": "Biochemistry",
  "updated": "2020-08-03T18:53:34.016197Z"
}