{
  "id": "BCHM461",
  "title": "Biochemistry I",
  "credits": "3",
  "description": "Prerequisite: Minimum grade of C- in CHEM271 and CHEM272; or minimum grade of C- in CHEM276 and CHEM277.\nCredit only granted for: BCHM461 or BCHM463.",
  "grading-method": [
    "Reg",
    "P-F",
    "Aud"
  ],
  "sections": [
    {
      "id": "0101",
      "instructors": [
        "Jinwoo Lee"
      ],
      "seats": 82,
      "open-seats": 8,
      "waitlist": 0,
      "days": "TuTh",
      "start": "9:30am",
      "end": "10:45am",
      "building": "CHM",
      "room": "1407"
    },
    {
      "id": "0102",
      "instructors": [
        "Douglas Julin"
      ],
      "seats": 82,
      "open-seats": 1,
      "waitlist": 0,
      "days": "TuTh",
      "start": "12:30pm",
      "end": "1:45pm",
      "building": "CHM",
      "room": "1402"
    },
    {
      "id": "0103",
      "instructors": [
        "Paul Paukstelis"
      ],
      "seats": 82,
      "open-seats": 4,
      "waitlist": 0,
      "days": "MWF",
      "start": "9:00am",
      "end": "9:50am",
      "building": "PLS",
      "room": "1140"
    }
  ],
  "term": "202001",
  "department": "Biochemistry",
  "updated": "2020-08-03T18:53:31.676884Z"
}