{
  "id": "BCHM464",
  "title": "Biochemistry Laboratory",
  "credits": "3",
  "description": "Prerequisite: BCHM461 or BCHM463; and a grade of C- or better in the prerequisite is required for all College of Computer, Mathematical, and Natural Sciences majors and recommended for all students.\nCorequisite: BCHM465.\nRestriction: BCHM, CHEM, and Nutritional Sciences majors have first priority, followed by other life science majors.",
  "grading-method": [
    "Reg",
    "P-F",
    "Aud"
  ],
  "sections": [
    {
      "id": "0101",
      "instructors": [
        "Christopher Capp"
      ],
      "seats": 18,
      "open-seats": 1,
      "waitlist": 0,
      "days": "Th",
      "start": "11:00am",
      "end": "11:50am",
      "building": "CHM",
      "room": "1402"
    },
    {
      "id": "0102",
      "instructors": [
        "Christopher Capp"
      ],
      "seats": 18,
      "open-seats": 1,
      "waitlist": 0,
      "days": "Th",
      "start": "11:00am",
      "end": "11:50am",
      "building": "CHM",
      "room": "1402"
    },
    {
      "id": "0103",
      "instructors": [
        "Christopher Capp"
      ],
      "seats": 18,
      "open-seats": 5,
      "waitlist": 0,
      "days": "Th",
      "start": "11:00am",
      "end": "11:50am",
      "building": "CHM",
      "room": "1402"
    }
  ],
  "term": "202001",
  "department": "Biochemistry",
  "updated": "2020-08-03T18:53:35.196973Z"
}