{
  "id": "BIOL709A",
  "title": "Selected Advanced Topics in Biology; Grant Writing",
  "credits": "2",
  "description": "Cross-listed with NACS728M. Credit granted for BIOL709A or NACS728M. Instruction in grant-writing skill, introduction to resources, discussions on how to make your grant competitive, and insight into th e review process. The goal will be to have each participant submit an NRSA.",
  "grading-method": [
    "Reg",
    "Aud",
    "S-F"
  ],
  "sections": [
    {
      "id": "0101",
      "instructors": [
        "Elizabeth Quinlan"
      ],
      "seats": 14,
      "open-seats": 0,
      "waitlist": 0,
      "days": "Th",
      "start": "1:00pm",
      "end": "3:00pm",
      "building": "BRB",
      "room": "3101"
    }
  ],
  "term": "202001",
  "department": "Biology",
  "updated": "2020-08-03T18:54:57.990709Z"
}