{
  "id": "BIOL608W",
  "title": "Biology Seminar; Neural Coding",
  "credits": "2",
  "description": "",
  "grading-method": [
    "Reg",
    "S-F"
  ],
  "sections": [
    {
      "id": "0101",
      "instructors": [
        "Daniel Butts"
      ],
      "seats": 15,
      "open-seats": 3,
      "waitlist": 0,
      "days": "W",
      "start": "4:00pm",
      "end": "6:00pm",
      "building": "BPS",
      "room": "1230"
    }
  ],
  "term": "202001",
  "department": "Biology",
  "updated": "2020-08-03T18:54:49.924138Z"
}