{
  "id": "BIOL709R",
  "title": "Selected Advanced Topics in Biology; Membranes and Biological Interfaces",
  "credits": "3",
  "description": "",
  "grading-method": [
    "Reg",
    "Aud",
    "S-F"
  ],
  "sections": [
    {
      "id": "0101",
      "instructors": [
        "Sergei Sukharev"
      ],
      "seats": 7,
      "open-seats": 7,
      "waitlist": 0,
      "days": "TuTh",
      "start": "3:30pm",
      "end": "4:45pm",
      "building": "PLS",
      "room": "1111"
    }
  ],
  "term": "202001",
  "department": "Biology",
  "updated": "2020-08-03T18:54:59.138959Z"
}