{
  "id": "BIOL608V",
  "title": "Biology Seminar; Current Topics in Auditory Cortex Processing",
  "credits": "2",
  "description": "",
  "grading-method": [
    "Reg",
    "S-F"
  ],
  "sections": [
    {
      "id": "0101",
      "instructors": [
        "Patrick Kanold",
        "Reid Compton"
      ],
      "seats": 10,
      "open-seats": 9,
      "waitlist": 0,
      "days": "F",
      "start": "9:00am",
      "end": "11:00am",
      "building": "TBA",
      "room": ""
    }
  ],
  "term": "202001",
  "department": "Biology",
  "updated": "2020-08-03T18:54:48.776265Z"
}