{
  "id": "BIOL708R",
  "title": "Advanced Topics in Biology; Concepts in Plant and Animal Ecology",
  "credits": "3",
  "description": "",
  "grading-method": [
    "Reg",
    "S-F"
  ],
  "sections": [
    {
      "id": "0101",
      "instructors": [
        "Karen Lips"
      ],
      "seats": 5,
      "open-seats": 4,
      "waitlist": 0,
      "days": "TuTh",
      "start": "9:30am",
      "end": "10:45am",
      "building": "BPS",
      "room": "0283"
    }
  ],
  "term": "202001",
  "department": "Biology",
  "updated": "2020-08-03T18:54:56.828010Z"
}