{
  "id": "BIOL608Q",
  "title": "Biology Seminar; Readings in Neurophysiology",
  "credits": "1",
  "description": "",
  "grading-method": [
    "Reg",
    "S-F"
  ],
  "sections": [
    {
      "id": "0101",
      "instructors": [
        "Elizabeth Quinlan"
      ],
      "seats": 10,
      "open-seats": 10,
      "waitlist": 0,
      "days": "",
      "start": "",
      "end": "",
      "building": "",
      "room": ""
    }
  ],
  "term": "202001",
  "department": "Biology",
  "updated": "2020-08-03T18:54:46.457707Z"
}