{
  "id": "BIOL608T",
  "title": "Biology Seminar; Evolutionary Genetics",
  "credits": "2",
  "description": "",
  "grading-method": [
    "Reg",
    "S-F"
  ],
  "sections": [
    {
      "id": "0101",
      "instructors": [
        "Carlos Machado"
      ],
      "seats": 15,
      "open-seats": 9,
      "waitlist": 0,
      "days": "F",
      "start": "10:00am",
      "end": "12:00pm",
      "building": "BPS",
      "room": "1230"
    }
  ],
  "term": "202001",
  "department": "Biology",
  "updated": "2020-08-03T18:54:47.604211Z"
}