{
  "id": "BIOL600",
  "title": "Ethics in Scientific Research",
  "credits": "2",
  "description": "Restriction: Must have completed at least one year of graduate study.\nCredit only granted for: BIOL600 or ZOOL600.\nFormerly: ZOOL600.",
  "grading-method": [
    "Reg",
    "S-F"
  ],
  "sections": [
    {
      "id": "0101",
      "instructors": [
        "Rochelle Newman"
      ],
      "seats": 20,
      "open-seats": 0,
      "waitlist": 0,
      "days": "M",
      "start": "2:30pm",
      "end": "4:10pm",
      "building": "LEF",
      "room": "1171"
    }
  ],
  "term": "202001",
  "department": "Biology",
  "updated": "2020-08-03T18:54:45.309667Z"
}