{
  "id": "BIOL615",
  "title": "Developmental Genetics",
  "credits": "3",
  "description": "Prerequisite: Must have completed courses in molecular genetics and developmental or cell biology; or permission of instructor.\nCredit only granted for: BIOL615 or ZOOL642.\nFormerly: ZOOL642.",
  "grading-method": [
    "Reg",
    "S-F"
  ],
  "sections": [
    {
      "id": "0101",
      "instructors": [
        "Eric Haag"
      ],
      "seats": 10,
      "open-seats": 7,
      "waitlist": 0,
      "days": "TuTh",
      "start": "9:30am",
      "end": "10:45am",
      "building": "BPS",
      "room": "2249"
    }
  ],
  "term": "202001",
  "department": "Biology",
  "updated": "2020-08-03T18:54:52.222609Z"
}