{
  "id": "BIOL705",
  "title": "Statistics & Modeling for Biologists",
  "credits": "3",
  "description": "Restriction: Must be in the Biological Sciences Graduate program; or permission of Biology Department.\nCredit only granted for: BIOL705 or BIOL709F.\nFormerly: BIOL709F.",
  "grading-method": [
    "Reg",
    "Aud",
    "S-F"
  ],
  "sections": [
    {
      "id": "0101",
      "instructors": [
        "Philip Johnson"
      ],
      "seats": 40,
      "open-seats": 0,
      "waitlist": 0,
      "days": "Tu",
      "start": "11:00am",
      "end": "12:15pm",
      "building": "BPS",
      "room": "1236"
    }
  ],
  "term": "202001",
  "department": "Biology",
  "updated": "2020-08-03T18:54:53.372213Z"
}