{
  "id": "BIOL708B",
  "title": "Advanced Topics in Biology; Animal Behavior",
  "credits": "3",
  "description": "",
  "grading-method": [
    "Reg",
    "S-F"
  ],
  "sections": [
    {
      "id": "0101",
      "instructors": [
        "Gerald Borgia"
      ],
      "seats": 1,
      "open-seats": 0,
      "waitlist": 0,
      "days": "MW",
      "start": "1:00pm",
      "end": "1:50pm",
      "building": "BPS",
      "room": "0283"
    }
  ],
  "term": "202001",
  "department": "Biology",
  "updated": "2020-08-03T18:54:54.521423Z"
}