{
  "id": "BIOL708E",
  "title": "Advanced Topics in Biology; Diseases of the Nervous System",
  "credits": "3",
  "description": "",
  "grading-method": [
    "Reg",
    "S-F"
  ],
  "sections": [
    {
      "id": "0101",
      "instructors": [
        "Quentin Gaudry"
      ],
      "seats": 8,
      "open-seats": 5,
      "waitlist": 0,
      "days": "TuTh",
      "start": "2:00pm",
      "end": "3:15pm",
      "building": "BPS",
      "room": "0283"
    }
  ],
  "term": "202001",
  "department": "Biology",
  "updated": "2020-08-03T18:54:55.675695Z"
}