{
  "id": "ARHU380",
  "title": "Arts & Humanities Special Topics: Social Innovation, Change, and Justice: Do Good Now",
  "credits": "3",
  "description": "Credit only granted for: ARHU380, BSOS388B, or PLCY388D.",
  "grading-method": [
    "Reg",
    "P-F",
    "Aud"
  ],
  "sections": [
    {
      "id": "0101",
      "instructors": [
        "T'Sey-Haye Preaster"
      ],
      "seats": 15,
      "open-seats": 1,
      "waitlist": 0,
      "days": "W",
      "start": "3:00pm",
      "end": "5:30pm",
      "building": "TWS",
      "room": "0328"
    }
  ],
  "term": "202001",
  "department": "Arts and Humanities",
  "updated": "2020-08-03T18:50:59.434733Z"
}