{
  "id": "ARHU318W",
  "title": "Writers' House Colloquium: Creative Writing Across Languages and Cultures; Screenwriting/Scriptwriting",
  "credits": "1",
  "description": "Restricted to Jimenez-Porter Writers' House students.",
  "grading-method": [
    "Reg",
    "P-F"
  ],
  "sections": [
    {
      "id": "0101",
      "instructors": [
        "Jacqueline Mueck"
      ],
      "seats": 15,
      "open-seats": 7,
      "waitlist": 0,
      "days": "W",
      "start": "4:00pm",
      "end": "5:15pm",
      "building": "QAN",
      "room": "1132"
    }
  ],
  "term": "202001",
  "department": "Arts and Humanities",
  "updated": "2020-08-03T18:50:53.669197Z"
}