{
  "id": "ARHU468",
  "title": "Peer Mentoring Program",
  "credits": "1",
  "description": "Restricted to ARHU upperclassmen who will serve as peer mentors to help transition new students to the university. Interested students must apply to become a peer mentor.",
  "grading-method": [
    "Reg",
    "P-F"
  ],
  "sections": [
    {
      "id": "0101",
      "instructors": [
        "Amanda Bachert"
      ],
      "seats": 35,
      "open-seats": 7,
      "waitlist": 0,
      "days": "M",
      "start": "4:00pm",
      "end": "5:30pm",
      "building": "KEY",
      "room": "0103"
    }
  ],
  "term": "202001",
  "department": "Arts and Humanities",
  "updated": "2020-08-03T18:51:02.934148Z"
}