{
  "id": "ARHU386",
  "title": "Experiential Learning",
  "credits": "3",
  "description": "Prerequisite: Permission of ARHU-College of Arts & Humanities.\nRestriction: Junior standing or higher.",
  "grading-method": [
    "Reg",
    "P-F"
  ],
  "sections": [
    {
      "id": "0201",
      "instructors": [
        "Paula Nadler"
      ],
      "seats": 25,
      "open-seats": 19,
      "waitlist": 0,
      "days": "",
      "start": "",
      "end": "",
      "building": "",
      "room": ""
    },
    {
      "id": "0301",
      "instructors": [
        "Susan Miller"
      ],
      "seats": 3,
      "open-seats": 1,
      "waitlist": 0,
      "days": "",
      "start": "",
      "end": "",
      "building": "",
      "room": ""
    }
  ],
  "term": "202001",
  "department": "Arts and Humanities",
  "updated": "2020-08-03T18:51:00.600241Z"
}