{
  "id": "ARHU486",
  "title": "Internship Practicum in Arts and Humanities",
  "credits": "3",
  "description": "Prerequisite: Have completed previous internship at U of MD.\nRestriction: Must be in a major in ARHU-College of Arts & Humanities; and permission of ARHU-College of Arts & Humanities; and minimum cumulative GPA of 2.5; and must have earned a minimum of 60 credits; and completed 12 credits at U of MD.",
  "grading-method": [
    "Reg",
    "P-F"
  ],
  "sections": [
    {
      "id": "0101",
      "instructors": [
        "Paula Nadler"
      ],
      "seats": 20,
      "open-seats": 14,
      "waitlist": 0,
      "days": "",
      "start": "",
      "end": "",
      "building": "",
      "room": ""
    }
  ],
  "term": "202001",
  "department": "Arts and Humanities",
  "updated": "2020-08-03T18:51:04.094393Z"
}