{
  "id": "ARHU338",
  "title": "Undergraduate Teaching Assistantship in a Living Learning Program",
  "credits": "3",
  "description": "",
  "grading-method": [
    "Reg",
    "P-F"
  ],
  "sections": [
    {
      "id": "0101",
      "instructors": [
        "Johnna Schmidt"
      ],
      "seats": 5,
      "open-seats": 2,
      "waitlist": 0,
      "days": "",
      "start": "",
      "end": "",
      "building": "",
      "room": ""
    },
    {
      "id": "0102",
      "instructors": [
        "Jason Farman"
      ],
      "seats": 2,
      "open-seats": 2,
      "waitlist": 0,
      "days": "",
      "start": "",
      "end": "",
      "building": "",
      "room": ""
    }
  ],
  "term": "202001",
  "department": "Arts and Humanities",
  "updated": "2020-08-03T18:50:57.121646Z"
}