{
  "id": "ARHU489",
  "title": "Advanced Internship Practicum in ARHU",
  "credits": "3",
  "description": "",
  "grading-method": [
    "Reg",
    "P-F"
  ],
  "sections": [
    {
      "id": "0101",
      "instructors": [
        "Paula Nadler"
      ],
      "seats": 2,
      "open-seats": 2,
      "waitlist": 0,
      "days": "",
      "start": "",
      "end": "",
      "building": "",
      "room": ""
    }
  ],
  "term": "202001",
  "department": "Arts and Humanities",
  "updated": "2020-08-03T18:51:05.240106Z"
}