{
  "id": "ARHU158P",
  "title": "Explorations in Arts and Humanities; Words Matter - A Consideration of the Power of Language",
  "credits": "3",
  "description": "Restricted to first semester first year students in the College of Arts and Humanities.\n\nBeginning with the origins of the spoken and written word, this class will focus on the impact of words on relationships and cultural understanding. Exploring words from a variety of perspectives (sociolinguistic, interpersonal and intrapersonal) and as part of a dialogue on the intersectionality of race, class and gender, this course will consider the dynamic between words and their impact as we encounter them.",
  "grading-method": [
    "Reg",
    "P-F"
  ],
  "sections": [
    {
      "id": "0101",
      "instructors": [
        "Paula Nadler"
      ],
      "seats": 25,
      "open-seats": 14,
      "waitlist": 0,
      "days": "MW",
      "start": "12:00pm",
      "end": "1:15pm",
      "building": "KEY",
      "room": "1117"
    }
  ],
  "term": "202001",
  "department": "Arts and Humanities",
  "updated": "2020-08-03T18:50:47.899853Z"
}