{
  "id": "ARHU319C",
  "title": "Writers' House Second Year Colloquium: Form and Theory of Creative Writing; Spoken Word",
  "credits": "3",
  "description": "For further details, please contact Johnna Schmidt jmschmid@umd.edu.",
  "grading-method": [
    "Reg",
    "P-F"
  ],
  "sections": [
    {
      "id": "0101",
      "instructors": [
        "Naliyah Kaya"
      ],
      "seats": 15,
      "open-seats": 11,
      "waitlist": 0,
      "days": "W",
      "start": "3:30pm",
      "end": "6:00pm",
      "building": "SSU",
      "room": "1121"
    }
  ],
  "term": "202001",
  "department": "Arts and Humanities",
  "updated": "2020-08-03T18:50:54.820090Z"
}