{
  "id": "ARHU286",
  "title": "Experiential Learning",
  "credits": "3",
  "description": "Prerequisite: Permission of ARHU-College of Arts & Humanities.\nRestriction: Minimum cumulative GPA of 2.5; and must be in a major or minor in ARHU - College of Arts and Humanities; and must have earned a minimum of 12 credits; and must not have earned more than 60 credits.",
  "grading-method": [
    "Reg",
    "P-F"
  ],
  "sections": [
    {
      "id": "0101",
      "instructors": [
        "Paula Nadler"
      ],
      "seats": 10,
      "open-seats": 9,
      "waitlist": 0,
      "days": "",
      "start": "",
      "end": "",
      "building": "",
      "room": ""
    }
  ],
  "term": "202001",
  "department": "Arts and Humanities",
  "updated": "2020-08-03T18:50:50.220856Z"
}