{
  "id": "ARHU318B",
  "title": "Writers' House Colloquium: Creative Writing Across Languages and Cultures; Prose Colloquium",
  "credits": "1",
  "description": "Restricted to Jimenez-Porter Writers' House Students",
  "grading-method": [
    "Reg",
    "P-F"
  ],
  "sections": [
    {
      "id": "0101",
      "instructors": [
        "Vivianne Salgado"
      ],
      "seats": 15,
      "open-seats": 6,
      "waitlist": 0,
      "days": "W",
      "start": "5:30pm",
      "end": "6:45pm",
      "building": "QAN",
      "room": "1132"
    }
  ],
  "term": "202001",
  "department": "Arts and Humanities",
  "updated": "2020-08-03T18:50:52.521662Z"
}