{
  "id": "ARHU275",
  "title": "Writing to be Seen: Scriptwriting for Theatre, Film, and Television",
  "credits": "3",
  "description": "Cross-listed with: ENGL275.\nCredit only granted for: ENGL275 or ARHU275.",
  "grading-method": [
    "Reg",
    "P-F"
  ],
  "sections": [
    {
      "id": "0101",
      "instructors": [
        "Paul Cote"
      ],
      "seats": 15,
      "open-seats": 0,
      "waitlist": 0,
      "days": "MWF",
      "start": "10:00am",
      "end": "10:50am",
      "building": "KEY",
      "room": "0120"
    },
    {
      "id": "0102",
      "instructors": [
        "Paul Cote"
      ],
      "seats": 5,
      "open-seats": 0,
      "waitlist": 0,
      "days": "MWF",
      "start": "10:00am",
      "end": "10:50am",
      "building": "KEY",
      "room": "0120"
    }
  ],
  "term": "202001",
  "department": "Arts and Humanities",
  "updated": "2020-08-03T18:50:49.052530Z"
}