{
  "id": "ARHU398Q",
  "title": "Special Topics in Arts and Humanities; Cross-Cultural Perspectives on Quality",
  "credits": "3",
  "description": "In this QUEST course, we build on the foundation concepts of quality and substantially broaden our field of view. Specifically, we consider the subjective, customer-created definition of quality and the social and cultural forces that shape customer perspectives. We explore the differences in quality perceptions between US and non-US consumers, the sources of these differences, and the challenges they present in measuring expectations, performance, and customer satisfaction in a multinational business environment.",
  "grading-method": [
    "Reg",
    "P-F",
    "Aud"
  ],
  "sections": [
    {
      "id": "0101",
      "instructors": [
        "David Ashley"
      ],
      "seats": 20,
      "open-seats": 16,
      "waitlist": 0,
      "days": "Th",
      "start": "5:00pm",
      "end": "7:40pm",
      "building": "VMH",
      "room": "1415"
    },
    {
      "id": "0102",
      "instructors": [
        "David Ashley"
      ],
      "seats": 25,
      "open-seats": 9,
      "waitlist": 0,
      "days": "Th",
      "start": "5:00pm",
      "end": "7:40pm",
      "building": "VMH",
      "room": "1415"
    }
  ],
  "term": "202001",
  "department": "Arts and Humanities",
  "updated": "2020-08-03T18:51:01.757803Z"
}