{
  "id": "ARHU340",
  "title": "Financial Entrepreneurship for Arts Leaders",
  "credits": "3",
  "description": "Cross-listed with: MUSC448E.\nCredit only granted for: ARHU340 or MUSC448E.",
  "grading-method": [
    "Reg",
    "P-F",
    "Aud"
  ],
  "sections": [
    {
      "id": "0101",
      "instructors": [
        "Lee Hinkle"
      ],
      "seats": 24,
      "open-seats": 0,
      "waitlist": 0,
      "days": "TuTh",
      "start": "9:30am",
      "end": "10:45am",
      "building": "PAC",
      "room": "2200"
    }
  ],
  "term": "202001",
  "department": "Arts and Humanities",
  "updated": "2020-08-03T18:50:58.279445Z"
}