{
  "id": "ARHU318A",
  "title": "Writers' House Colloquium: Creative Writing Across Languages and Cultures; Poetry Colloquium",
  "credits": "1",
  "description": "",
  "grading-method": [
    "Reg",
    "P-F"
  ],
  "sections": [
    {
      "id": "0101",
      "instructors": [
        "Lindsay Bernal"
      ],
      "seats": 15,
      "open-seats": 2,
      "waitlist": 0,
      "days": "W",
      "start": "7:00pm",
      "end": "8:15pm",
      "building": "QAN",
      "room": "1132"
    }
  ],
  "term": "202001",
  "department": "Arts and Humanities",
  "updated": "2020-08-03T18:50:51.366264Z"
}