{
  "id": "NFSC491",
  "title": "Issues and Problems in Dietetics",
  "credits": "3",
  "description": "Prerequisite: Minimum of C- in NFSC350 and permission of Nutrition and Food Science Dietetics program.\nCorequisite: NFSC460.\nRestriction: Senior standing or higher; and must be in Nutrition and Food Science: Dietetics program.",
  "grading-method": [
    "Reg",
    "P-F",
    "Aud"
  ],
  "sections": [
    {
      "id": "0101",
      "instructors": [
        "Monica Whent"
      ],
      "seats": 30,
      "open-seats": 0,
      "waitlist": 0,
      "days": "MW",
      "start": "8:30am",
      "end": "10:50am",
      "building": "HBK",
      "room": "0103"
    }
  ],
  "term": "202001",
  "department": "Nutrition and Food Science",
  "updated": "2020-08-03T20:00:02.173475Z"
}