{
  "id": "NFSC688",
  "title": "Seminar in Nutrition and Food Science",
  "credits": "1",
  "description": "",
  "grading-method": [
    "S-F",
    "Aud"
  ],
  "sections": [
    {
      "id": "0101",
      "instructors": [
        "David Lei"
      ],
      "seats": 25,
      "open-seats": 7,
      "waitlist": 0,
      "days": "W",
      "start": "12:00pm",
      "end": "12:50pm",
      "building": "SKN",
      "room": "0101"
    }
  ],
  "term": "202001",
  "department": "Nutrition and Food Science",
  "updated": "2020-08-03T20:00:17.098287Z"
}