{
  "id": "NFSC679M",
  "title": "Selected Topics in Food Science",
  "credits": "1",
  "description": "",
  "grading-method": [
    "Reg",
    "S-F"
  ],
  "sections": [
    {
      "id": "0101",
      "instructors": [
        "Robert Buchanan"
      ],
      "seats": 5,
      "open-seats": 4,
      "waitlist": 0,
      "days": "TuTh",
      "start": "9:00am",
      "end": "10:15am",
      "building": "MMH",
      "room": "3112"
    }
  ],
  "term": "202001",
  "department": "Nutrition and Food Science",
  "updated": "2020-08-03T20:00:15.927549Z"
}