{
  "id": "NFSC315",
  "title": "Nutrition During the Life Cycle",
  "credits": "3",
  "description": "Prerequisite: Minimum grade of C- in NFSC100.",
  "grading-method": [
    "Reg",
    "P-F",
    "Aud"
  ],
  "sections": [
    {
      "id": "0101",
      "instructors": [
        "Monica Whent"
      ],
      "seats": 101,
      "open-seats": 29,
      "waitlist": 0,
      "days": "TuTh",
      "start": "2:00pm",
      "end": "3:15pm",
      "building": "TYD",
      "room": "0117"
    }
  ],
  "term": "202001",
  "department": "Nutrition and Food Science",
  "updated": "2020-08-03T19:59:48.375598Z"
}