{
  "id": "NFSC430",
  "title": "Food Microbiology",
  "credits": "3",
  "description": "Prerequisite: BSCI223; or permission of instructor.\nCredit only granted for: ANSC430 or NFSC430.\nFormerly: FDSC430.",
  "grading-method": [
    "Reg",
    "P-F",
    "Aud"
  ],
  "sections": [
    {
      "id": "0101",
      "instructors": [
        "Robert Buchanan"
      ],
      "seats": 40,
      "open-seats": 15,
      "waitlist": 0,
      "days": "Tu",
      "start": "8:00am",
      "end": "10:45am",
      "building": "MMH",
      "room": "3112"
    }
  ],
  "term": "202001",
  "department": "Nutrition and Food Science",
  "updated": "2020-08-03T19:59:54.063993Z"
}