{
  "id": "NFSC398",
  "title": "Seminar",
  "credits": "1",
  "description": "FDSC majors only.",
  "grading-method": [
    "Reg",
    "P-F"
  ],
  "sections": [
    {
      "id": "0101",
      "instructors": [
        "Qin Wang"
      ],
      "seats": 15,
      "open-seats": 7,
      "waitlist": 0,
      "days": "F",
      "start": "12:00pm",
      "end": "12:50pm",
      "building": "SKN",
      "room": "0101"
    }
  ],
  "term": "202001",
  "department": "Nutrition and Food Science",
  "updated": "2020-08-03T19:59:50.638529Z"
}