{
  "id": "NFSC660",
  "title": "Research Methods",
  "credits": "3",
  "description": "Prerequisite: Must have completed one statistics course.\nFormerly: NUTR 660.",
  "grading-method": [
    "Reg",
    "Aud",
    "S-F"
  ],
  "sections": [
    {
      "id": "0101",
      "instructors": [
        "David Lei"
      ],
      "seats": 12,
      "open-seats": 11,
      "waitlist": 0,
      "days": "W",
      "start": "2:00pm",
      "end": "4:45pm",
      "building": "MMH",
      "room": "3112"
    }
  ],
  "term": "202001",
  "department": "Nutrition and Food Science",
  "updated": "2020-08-03T20:00:11.343191Z"
}