{
  "id": "NFSC220",
  "title": "Diet: Is it a cause or a solution",
  "credits": "3",
  "description": "If diet is a very straightforward topic; then why and how does this simple matter result in complicated health problems? Diet can provide a simple solution to numerous health issues. So, why do many people fail to follow this seemingly simple solution and still suffer from obesity and other diet-related diseases? Diet is a topic that most people know but few people understand. In addition, diet has become one of the most important lenses for looking at a variety of social, economic, and cultural issues. Since the concept of diet is continuum and has multifaceted aspects, we need to understand it in broad and multidisciplinary perspectives including social, cultural and economic aspects.",
  "grading-method": [
    "Reg",
    "Aud"
  ],
  "sections": [],
  "term": "202001",
  "department": "Nutrition and Food Science",
  "updated": "2019-10-16T23:55:35.011419Z"
}