{
  "id": "NFSC498L",
  "title": "Selected Topics; Diet and Optimal Human Health",
  "credits": "3",
  "description": "",
  "grading-method": [
    "Reg",
    "P-F",
    "Aud"
  ],
  "sections": [
    {
      "id": "0101",
      "instructors": [
        "Seong-Ho Lee"
      ],
      "seats": 20,
      "open-seats": 6,
      "waitlist": 0,
      "days": "Tu",
      "start": "2:00pm",
      "end": "4:30pm",
      "building": "MMH",
      "room": "3112"
    }
  ],
  "term": "202001",
  "department": "Nutrition and Food Science",
  "updated": "2020-08-03T20:00:07.838916Z"
}