{
  "id": "NFSC414",
  "title": "Mechanics of Food Processing",
  "credits": "4",
  "description": "Prerequisite: PHYS121.\nCredit only granted for: ENBE414 or NFSC414.\nFormerly: ENBE414.",
  "grading-method": [
    "Reg",
    "P-F",
    "Aud"
  ],
  "sections": [
    {
      "id": "0101",
      "instructors": [
        "Rohan Tikekar"
      ],
      "seats": 30,
      "open-seats": 8,
      "waitlist": 0,
      "days": "MW",
      "start": "10:00am",
      "end": "10:50am",
      "building": "KEY",
      "room": "0103"
    }
  ],
  "term": "202001",
  "department": "Nutrition and Food Science",
  "updated": "2020-08-03T19:59:52.906302Z"
}