{
  "id": "NFSC633",
  "title": "Food Polymer Science",
  "credits": "3",
  "description": "Prerequisite: Permission of instructor.\nCredit only granted for: NFSC633 or NFSC679P.\nFormerly: NFSC679P.",
  "grading-method": [
    "Reg",
    "S-F"
  ],
  "sections": [
    {
      "id": "0101",
      "instructors": [
        "Qin Wang"
      ],
      "seats": 15,
      "open-seats": 10,
      "waitlist": 0,
      "days": "Th",
      "start": "1:00pm",
      "end": "3:45pm",
      "building": "SKN",
      "room": "0101"
    }
  ],
  "term": "202001",
  "department": "Nutrition and Food Science",
  "updated": "2020-08-03T20:00:10.174005Z"
}