{
  "id": "NFSC678L",
  "title": "Selected Topics in Nutrition; Diet and Optimal Human Health",
  "credits": "3",
  "description": "",
  "grading-method": [
    "Reg",
    "Aud",
    "S-F"
  ],
  "sections": [
    {
      "id": "0101",
      "instructors": [
        "Seong-Ho Lee"
      ],
      "seats": 5,
      "open-seats": 1,
      "waitlist": 0,
      "days": "Tu",
      "start": "2:00pm",
      "end": "4:30pm",
      "building": "MMH",
      "room": "3112"
    }
  ],
  "term": "202001",
  "department": "Nutrition and Food Science",
  "updated": "2020-08-03T20:00:13.613375Z"
}