{
  "id": "NFSC470",
  "title": "Community Nutrition",
  "credits": "3",
  "description": "Prerequisite: Minimum of C- in NFSC315.",
  "grading-method": [
    "Reg",
    "P-F",
    "Aud"
  ],
  "sections": [
    {
      "id": "0101",
      "instructors": [
        "Nadine Sahyoun"
      ],
      "seats": 40,
      "open-seats": 12,
      "waitlist": 0,
      "days": "MW",
      "start": "11:00am",
      "end": "11:50am",
      "building": "KEY",
      "room": "0116"
    }
  ],
  "term": "202001",
  "department": "Nutrition and Food Science",
  "updated": "2020-08-03T19:59:59.889382Z"
}