{
  "id": "NFSC298",
  "title": "Sports Nutrition Internship Practicum",
  "credits": "1",
  "description": "Class will meet in the Varsity Team House.",
  "grading-method": [
    "S-F"
  ],
  "sections": [
    {
      "id": "0101",
      "instructors": [
        "Colleen Carrion",
        "Paula Karamihas"
      ],
      "seats": 20,
      "open-seats": 13,
      "waitlist": 0,
      "days": "Tu",
      "start": "1:00pm",
      "end": "1:50pm",
      "building": "TBA",
      "room": ""
    }
  ],
  "term": "202001",
  "department": "Nutrition and Food Science",
  "updated": "2020-08-03T19:59:47.191240Z"
}