{
  "id": "NFSC460",
  "title": "Medical Nutrition Therapy II",
  "credits": "4",
  "description": "Prerequisite: Minimum of C- in NFSC380 and NFSC440; and permission of AGNR-Nutrition and Food Science department.",
  "grading-method": [
    "Reg",
    "P-F",
    "Aud"
  ],
  "sections": [
    {
      "id": "0101",
      "instructors": [
        "Margaret Udahogora"
      ],
      "seats": 17,
      "open-seats": 1,
      "waitlist": 0,
      "days": "MW",
      "start": "1:00pm",
      "end": "2:15pm",
      "building": "PLS",
      "room": "1113"
    },
    {
      "id": "0102",
      "instructors": [
        "Margaret Udahogora"
      ],
      "seats": 17,
      "open-seats": 1,
      "waitlist": 0,
      "days": "MW",
      "start": "1:00pm",
      "end": "2:15pm",
      "building": "PLS",
      "room": "1113"
    }
  ],
  "term": "202001",
  "department": "Nutrition and Food Science",
  "updated": "2020-08-03T19:59:58.713940Z"
}