{
  "id": "NFSC100",
  "title": "Elements of Nutrition",
  "credits": "3",
  "description": "Fundamentals of human nutrition. Nutrient requirements related to changing individual and family needs.",
  "grading-method": [
    "Reg",
    "P-F",
    "Aud"
  ],
  "sections": [
    {
      "id": "0101",
      "instructors": [
        "David Lei",
        "Hee-Jung Song",
        "Shaik Rahaman",
        "Seong-Ho Lee"
      ],
      "seats": 25,
      "open-seats": 0,
      "waitlist": 0,
      "days": "MW",
      "start": "11:00am",
      "end": "11:50am",
      "building": "TYD",
      "room": "0130"
    },
    {
      "id": "0102",
      "instructors": [
        "David Lei",
        "Hee-Jung Song",
        "Shaik Rahaman",
        "Seong-Ho Lee"
      ],
      "seats": 25,
      "open-seats": 0,
      "waitlist": 0,
      "days": "MW",
      "start": "11:00am",
      "end": "11:50am",
      "building": "TYD",
      "room": "0130"
    },
    {
      "id": "0103",
      "instructors": [
        "David Lei",
        "Shaik Rahaman",
        "Hee-Jung Song",
        "Seong-Ho Lee"
      ],
      "seats": 25,
      "open-seats": 1,
      "waitlist": 0,
      "days": "MW",
      "start": "11:00am",
      "end": "11:50am",
      "building": "TYD",
      "room": "0130"
    },
    {
      "id": "0104",
      "instructors": [
        "David Lei",
        "Hee-Jung Song",
        "Shaik Rahaman",
        "Seong-Ho Lee"
      ],
      "seats": 25,
      "open-seats": 0,
      "waitlist": 0,
      "days": "MW",
      "start": "11:00am",
      "end": "11:50am",
      "building": "TYD",
      "room": "0130"
    },
    {
      "id": "0105",
      "instructors": [
        "David Lei",
        "Hee-Jung Song",
        "Shaik Rahaman",
        "Seong-Ho Lee"
      ],
      "seats": 25,
      "open-seats": 0,
      "waitlist": 0,
      "days": "MW",
      "start": "11:00am",
      "end": "11:50am",
      "building": "TYD",
      "room": "0130"
    },
    {
      "id": "0106",
      "instructors": [
        "David Lei",
        "Seong-Ho Lee",
        "Shaik Rahaman",
        "Hee-Jung Song"
      ],
      "seats": 25,
      "open-seats": 10,
      "waitlist": 0,
      "days": "MW",
      "start": "11:00am",
      "end": "11:50am",
      "building": "TYD",
      "room": "0130"
    },
    {
      "id": "0108",
      "instructors": [
        "David Lei",
        "Seong-Ho Lee",
        "Hee-Jung Song",
        "Shaik Rahaman"
      ],
      "seats": 25,
      "open-seats": 1,
      "waitlist": 0,
      "days": "MW",
      "start": "11:00am",
      "end": "11:50am",
      "building": "TYD",
      "room": "0130"
    },
    {
      "id": "0110",
      "instructors": [
        "David Lei",
        "Seong-Ho Lee",
        "Shaik Rahaman",
        "Hee-Jung Song"
      ],
      "seats": 25,
      "open-seats": 0,
      "waitlist": 0,
      "days": "MW",
      "start": "11:00am",
      "end": "11:50am",
      "building": "TYD",
      "room": "0130"
    },
    {
      "id": "0111",
      "instructors": [
        "Seong-Ho Lee",
        "Shaik Rahaman",
        "David Lei",
        "Hee-Jung Song"
      ],
      "seats": 25,
      "open-seats": 5,
      "waitlist": 0,
      "days": "MW",
      "start": "11:00am",
      "end": "11:50am",
      "building": "TYD",
      "room": "0130"
    },
    {
      "id": "0113",
      "instructors": [
        "David Lei",
        "Seong-Ho Lee",
        "Shaik Rahaman",
        "Hee-Jung Song"
      ],
      "seats": 25,
      "open-seats": 14,
      "waitlist": 0,
      "days": "MW",
      "start": "11:00am",
      "end": "11:50am",
      "building": "TYD",
      "room": "0130"
    },
    {
      "id": "0117",
      "instructors": [
        "Shaik Rahaman",
        "David Lei",
        "Seong-Ho Lee",
        "Hee-Jung Song"
      ],
      "seats": 25,
      "open-seats": 0,
      "waitlist": 0,
      "days": "MW",
      "start": "11:00am",
      "end": "11:50am",
      "building": "TYD",
      "room": "0130"
    },
    {
      "id": "0118",
      "instructors": [
        "David Lei",
        "Hee-Jung Song",
        "Shaik Rahaman",
        "Seong-Ho Lee"
      ],
      "seats": 25,
      "open-seats": 14,
      "waitlist": 0,
      "days": "MW",
      "start": "11:00am",
      "end": "11:50am",
      "building": "TYD",
      "room": "0130"
    }
  ],
  "term": "202001",
  "department": "Nutrition and Food Science",
  "updated": "2020-08-03T19:59:45.741611Z"
}