{
  "id": "NFSC631",
  "title": "Advanced Food Microbiology",
  "credits": "3",
  "description": "Prerequisite: NFSC430.\nRestriction: Permission of instructor.",
  "grading-method": [
    "Reg",
    "S-F"
  ],
  "sections": [
    {
      "id": "0101",
      "instructors": [
        "Jianghong Meng"
      ],
      "seats": 25,
      "open-seats": 16,
      "waitlist": 0,
      "days": "F",
      "start": "1:00pm",
      "end": "3:45pm",
      "building": "ATL",
      "room": "2316"
    }
  ],
  "term": "202001",
  "department": "Nutrition and Food Science",
  "updated": "2020-08-03T20:00:09.007518Z"
}