{
  "id": "LARC648",
  "title": "Graduate Studio IV",
  "credits": "5",
  "description": "An exploration that will focus on issues in landscape planning and design such as campus planning, urban housing and recreation, and neighborhood preservation, restoration and development. Projects will emphasize the value of responsible academic and civic landscapes, the place of historic resources in contemporary life, and innovative solutions for the integration of past and future landscapes.",
  "grading-method": [
    "Reg",
    "Aud",
    "S-F"
  ],
  "sections": [
    {
      "id": "0101",
      "instructors": [
        "Jack Sullivan"
      ],
      "seats": 10,
      "open-seats": 4,
      "waitlist": 0,
      "days": "TuTh",
      "start": "1:00pm",
      "end": "1:50pm",
      "building": "PLS",
      "room": "2154"
    }
  ],
  "term": "202001",
  "department": "Landscape Architecture",
  "updated": "2020-08-03T19:51:45.071596Z"
}