{
  "id": "LARC641",
  "title": "Graduate Studio II",
  "credits": "5",
  "description": "Prerequisite: LARC640.\nCorequisite: LARC720.\nRestriction: Permission of AGNR-Plant Science & Landscape Architecture department.",
  "grading-method": [
    "Reg",
    "Aud",
    "S-F"
  ],
  "sections": [
    {
      "id": "0101",
      "instructors": [
        "Dennis Nola"
      ],
      "seats": 10,
      "open-seats": 1,
      "waitlist": 0,
      "days": "TuTh",
      "start": "1:00pm",
      "end": "1:50pm",
      "building": "PLS",
      "room": "1142"
    }
  ],
  "term": "202001",
  "department": "Landscape Architecture",
  "updated": "2020-08-03T19:51:43.899207Z"
}