{
  "id": "LARC461",
  "title": "People and the Environment",
  "credits": "3",
  "description": "Credit only granted for: LARC489K or LARC461.\nFormerly: LARC489K.",
  "grading-method": [
    "Reg",
    "P-F"
  ],
  "sections": [
    {
      "id": "0101",
      "instructors": [
        "Byoung-Suk Kweon"
      ],
      "seats": 29,
      "open-seats": 5,
      "waitlist": 0,
      "days": "M",
      "start": "9:00am",
      "end": "10:50am",
      "building": "PLS",
      "room": "1111"
    }
  ],
  "term": "202001",
  "department": "Landscape Architecture",
  "updated": "2020-08-03T19:51:39.320986Z"
}