{
  "id": "LARC720",
  "title": "Environmental Analysis and Site Engineering",
  "credits": "3",
  "description": "Prerequisite: LARC640; or permission of AGNR-Plant Science & Landscape Architecture department.\nCorequisite: LARC641.",
  "grading-method": [
    "Reg",
    "Aud",
    "S-F"
  ],
  "sections": [
    {
      "id": "0101",
      "instructors": [
        "Phillip Cho"
      ],
      "seats": 10,
      "open-seats": 1,
      "waitlist": 0,
      "days": "Th",
      "start": "8:00am",
      "end": "9:50am",
      "building": "PLS",
      "room": "1142"
    }
  ],
  "term": "202001",
  "department": "Landscape Architecture",
  "updated": "2020-08-03T19:51:50.833254Z"
}