{
  "id": "LARC663",
  "title": "Landscape and Garden History",
  "credits": "3",
  "description": "Restriction: Permission of AGNR-Plant Science & Landscape Architecture department.",
  "grading-method": [
    "Reg",
    "Aud",
    "S-F"
  ],
  "sections": [
    {
      "id": "0101",
      "instructors": [
        "Jack Sullivan"
      ],
      "seats": 10,
      "open-seats": 1,
      "waitlist": 0,
      "days": "Tu",
      "start": "9:30am",
      "end": "10:45am",
      "building": "PLS",
      "room": "0104"
    }
  ],
  "term": "202001",
  "department": "Landscape Architecture",
  "updated": "2020-08-03T19:51:46.223693Z"
}