{
  "id": "LARC321",
  "title": "Landscape Structures and Materials",
  "credits": "3",
  "description": "Prerequisite: LARC320; and LARC340.\nRestriction: Must be in Landscape Architecture program.\nCredit only granted for: LARC321 or PLSC321.",
  "grading-method": [
    "Reg",
    "P-F"
  ],
  "sections": [
    {
      "id": "0101",
      "instructors": [
        "Daniel Straub"
      ],
      "seats": 15,
      "open-seats": 7,
      "waitlist": 0,
      "days": "TuTh",
      "start": "9:30am",
      "end": "10:45am",
      "building": "PLS",
      "room": "1111"
    }
  ],
  "term": "202001",
  "department": "Landscape Architecture",
  "updated": "2020-08-03T19:51:37.005928Z"
}