{
  "id": "LARC341",
  "title": "Regional Design Studio",
  "credits": "5",
  "description": "Prerequisite: LARC320; and LARC340.\nRestriction: Junior standing or higher; and must be in Landscape Architecture program.",
  "grading-method": [
    "Reg",
    "P-F"
  ],
  "sections": [
    {
      "id": "0101",
      "instructors": [
        "Christopher Ellis"
      ],
      "seats": 15,
      "open-seats": 6,
      "waitlist": 0,
      "days": "MW",
      "start": "1:00pm",
      "end": "1:50pm",
      "building": "PLS",
      "room": "2150"
    }
  ],
  "term": "202001",
  "department": "Landscape Architecture",
  "updated": "2020-08-03T19:51:38.161950Z"
}