{
  "id": "LARC471",
  "title": "Capstone Studio: Community Design",
  "credits": "5",
  "description": "Prerequisite: LARC440; and LARC470.\nRestriction: Senior standing; and must be in Landscape Architecture program.",
  "grading-method": [
    "Reg",
    "P-F"
  ],
  "sections": [
    {
      "id": "0101",
      "instructors": [
        "Byoung-Suk Kweon"
      ],
      "seats": 15,
      "open-seats": 3,
      "waitlist": 0,
      "days": "MW",
      "start": "1:00pm",
      "end": "1:50pm",
      "building": "PLS",
      "room": "2148"
    }
  ],
  "term": "202001",
  "department": "Landscape Architecture",
  "updated": "2020-08-03T19:51:40.476473Z"
}