{
  "id": "LARC160",
  "title": "Introduction to Landscape Architecture",
  "credits": "3",
  "description": "History, theory, philosophy and current practice of the profession of landscape architecture. Explores the interactive relationship between humans and their environment by examining people's perceptions of and changing attitude towards the landscape, as well as, an examination of how these are related to ecological and cultural influences. Topics include urban, ecological, community and creative design.",
  "grading-method": [
    "Reg",
    "P-F"
  ],
  "sections": [
    {
      "id": "0101",
      "instructors": [
        "Dennis Nola"
      ],
      "seats": 19,
      "open-seats": 0,
      "waitlist": 0,
      "days": "MW",
      "start": "10:00am",
      "end": "10:50am",
      "building": "PLS",
      "room": "1140"
    },
    {
      "id": "0102",
      "instructors": [
        "Dennis Nola"
      ],
      "seats": 19,
      "open-seats": 2,
      "waitlist": 0,
      "days": "MW",
      "start": "10:00am",
      "end": "10:50am",
      "building": "PLS",
      "room": "1140"
    },
    {
      "id": "0103",
      "instructors": [
        "Dennis Nola"
      ],
      "seats": 19,
      "open-seats": 1,
      "waitlist": 0,
      "days": "MW",
      "start": "10:00am",
      "end": "10:50am",
      "building": "PLS",
      "room": "1140"
    },
    {
      "id": "0104",
      "instructors": [
        "Dennis Nola"
      ],
      "seats": 18,
      "open-seats": 0,
      "waitlist": 0,
      "days": "MW",
      "start": "10:00am",
      "end": "10:50am",
      "building": "PLS",
      "room": "1140"
    },
    {
      "id": "0105",
      "instructors": [
        "Dennis Nola"
      ],
      "seats": 20,
      "open-seats": 0,
      "waitlist": 0,
      "days": "MW",
      "start": "10:00am",
      "end": "10:50am",
      "building": "PLS",
      "room": "1140"
    }
  ],
  "term": "202001",
  "department": "Landscape Architecture",
  "updated": "2020-08-03T19:51:32.277970Z"
}