{
  "id": "LARC671",
  "title": "Landscape Architecture Research Methods",
  "credits": "3",
  "description": "Restriction: Permission of AGNR-Plant Science & Landscape Architecture department.",
  "grading-method": [
    "Reg",
    "Aud",
    "S-F"
  ],
  "sections": [
    {
      "id": "0101",
      "instructors": [
        "Naomi Sachs"
      ],
      "seats": 15,
      "open-seats": 7,
      "waitlist": 0,
      "days": "W",
      "start": "10:00am",
      "end": "12:50pm",
      "building": "PLS",
      "room": "1172"
    }
  ],
  "term": "202001",
  "department": "Landscape Architecture",
  "updated": "2020-08-03T19:51:47.388440Z"
}