{
  "id": "LARC120",
  "title": "Digital Fundamentals",
  "credits": "2",
  "description": "Restriction: Permission of AGNR-Plant Science & Landscape Architecture department; and must be in Landscape Architecture program.",
  "grading-method": [
    "Reg",
    "P-F"
  ],
  "sections": [
    {
      "id": "0101",
      "instructors": [
        "Christiane Machado"
      ],
      "seats": 20,
      "open-seats": 4,
      "waitlist": 0,
      "days": "Tu",
      "start": "2:00pm",
      "end": "2:50pm",
      "building": "PLS",
      "room": "2137"
    },
    {
      "id": "0102",
      "instructors": [
        "Christiane Machado"
      ],
      "seats": 20,
      "open-seats": 16,
      "waitlist": 0,
      "days": "Th",
      "start": "2:00pm",
      "end": "2:50pm",
      "building": "PLS",
      "room": "2137"
    }
  ],
  "term": "202001",
  "department": "Landscape Architecture",
  "updated": "2020-08-03T19:51:29.831504Z"
}