{
  "id": "LARC263",
  "title": "History of Landscape Architecture",
  "credits": "3",
  "description": "A survey of landscape architecture history from the ancient Western civilizations to the twentieth century with consideration of parallel developments in the Eastern World, European Africa and the Americas.",
  "grading-method": [
    "Reg",
    "P-F"
  ],
  "sections": [
    {
      "id": "0101",
      "instructors": [
        "Caren Yglesias"
      ],
      "seats": 20,
      "open-seats": 6,
      "waitlist": 0,
      "days": "TuTh",
      "start": "9:30am",
      "end": "10:45am",
      "building": "PLS",
      "room": "1119"
    },
    {
      "id": "0102",
      "instructors": [
        "Caren Yglesias"
      ],
      "seats": 10,
      "open-seats": 0,
      "waitlist": 0,
      "days": "TuTh",
      "start": "9:30am",
      "end": "10:45am",
      "building": "PLS",
      "room": "1119"
    }
  ],
  "term": "202001",
  "department": "Landscape Architecture",
  "updated": "2020-08-03T19:51:35.841196Z"
}