{
  "id": "LARC489E",
  "title": "Special Topics in Landscape Architecture; Planting Design",
  "credits": "3",
  "description": "This course is for LARC majors only.",
  "grading-method": [
    "Reg",
    "P-F"
  ],
  "sections": [
    {
      "id": "0101",
      "instructors": [
        "Ann Anderson",
        "Sherry Russell"
      ],
      "seats": 15,
      "open-seats": 0,
      "waitlist": 0,
      "days": "F",
      "start": "9:00am",
      "end": "11:50am",
      "building": "PLS",
      "room": "0104"
    }
  ],
  "term": "202001",
  "department": "Landscape Architecture",
  "updated": "2020-08-03T19:51:41.631683Z"
}