{
  "id": "GERM319B",
  "title": "Selected Topics in Germanic Language Studies; German for the Professions",
  "credits": "3",
  "description": "Prerequisite: GERM301 or equivalent.",
  "grading-method": [
    "Reg",
    "P-F"
  ],
  "sections": [
    {
      "id": "0101",
      "instructors": [
        "Regina Ianozi"
      ],
      "seats": 20,
      "open-seats": 13,
      "waitlist": 0,
      "days": "TuTh",
      "start": "9:30am",
      "end": "10:45am",
      "building": "JMZ",
      "room": "0122"
    }
  ],
  "term": "202001",
  "department": "Germanic Studies",
  "updated": "2020-08-03T19:34:58.599963Z"
}