{
  "id": "GERM301",
  "title": "Conversation and Composition I: The German-Speaking World",
  "credits": "3",
  "description": "Prerequisite: GERM204; or students who have taken courses with comparable content may contact the department.",
  "grading-method": [
    "Reg",
    "P-F",
    "Aud"
  ],
  "sections": [
    {
      "id": "0101",
      "instructors": [
        "Regina Ianozi"
      ],
      "seats": 20,
      "open-seats": 6,
      "waitlist": 0,
      "days": "TuTh",
      "start": "12:30pm",
      "end": "1:45pm",
      "building": "JMZ",
      "room": "0122"
    }
  ],
  "term": "202001",
  "department": "Germanic Studies",
  "updated": "2020-08-03T19:34:56.305377Z"
}