{
  "id": "GERM439W",
  "title": "Selected Topics in German Literature; Bertolt Brecht",
  "credits": "3",
  "description": "This course critically examines the life and works of one of Germany's most prominent playwrights and poets of the 20th century. Taught in German.",
  "grading-method": [
    "Reg",
    "P-F",
    "Aud"
  ],
  "sections": [
    {
      "id": "0101",
      "instructors": [
        "Josh Alvizu"
      ],
      "seats": 20,
      "open-seats": 11,
      "waitlist": 0,
      "days": "TuTh",
      "start": "3:30pm",
      "end": "4:45pm",
      "building": "JMZ",
      "room": "3205"
    }
  ],
  "term": "202001",
  "department": "Germanic Studies",
  "updated": "2020-08-03T19:35:04.311353Z"
}