{
  "id": "GERM488C",
  "title": "Capstone Seminar; Encountering the Other: Imagined Orient(s) in German Culture and Thought",
  "credits": "3",
  "description": "Taught in German.",
  "grading-method": [
    "Reg",
    "P-F",
    "Aud"
  ],
  "sections": [
    {
      "id": "0101",
      "instructors": [
        "Julie Koser"
      ],
      "seats": 20,
      "open-seats": 9,
      "waitlist": 0,
      "days": "TuTh",
      "start": "11:00am",
      "end": "12:15pm",
      "building": "JMZ",
      "room": "3203"
    }
  ],
  "term": "202001",
  "department": "Germanic Studies",
  "updated": "2020-08-03T19:35:05.470811Z"
}