{
  "id": "GERM255",
  "title": "Once Upon a Time: Fairy Tales of the Brothers Grimm",
  "credits": "3",
  "description": "Credit only granted for: GERM255 or GERM289G.\nFormerly: GERM289G.\nAdditional information: Course is taught in English.",
  "grading-method": [
    "Reg",
    "P-F"
  ],
  "sections": [
    {
      "id": "0101",
      "instructors": [
        "Julie Koser"
      ],
      "seats": 30,
      "open-seats": 3,
      "waitlist": 0,
      "days": "TuTh",
      "start": "2:00pm",
      "end": "3:15pm",
      "building": "JMZ",
      "room": "2206"
    }
  ],
  "term": "202001",
  "department": "Germanic Studies",
  "updated": "2020-08-03T19:34:55.156634Z"
}