{
  "id": "GERM203",
  "title": "Intensive Intermediate German",
  "credits": "4",
  "description": "Prerequisite: GERM103; or must have appropriate Foreign Language Placement Test (FLPT) score.\nRestriction: Must not have completed GERM201; and must not have completed GERM202; and must not be a fluent/native speaker of German.\nCredit only granted for: GERM202 or GERM203.",
  "grading-method": [
    "Reg",
    "P-F",
    "Aud"
  ],
  "sections": [
    {
      "id": "0101",
      "instructors": [
        "Dylan Lewis"
      ],
      "seats": 25,
      "open-seats": 14,
      "waitlist": 0,
      "days": "MWF",
      "start": "11:00am",
      "end": "11:50am",
      "building": "JMZ",
      "room": "2117"
    },
    {
      "id": "0201",
      "instructors": [
        "Jakovs Borodeckis"
      ],
      "seats": 25,
      "open-seats": 18,
      "waitlist": 0,
      "days": "MWF",
      "start": "12:00pm",
      "end": "12:50pm",
      "building": "JMZ",
      "room": "2117"
    }
  ],
  "term": "202001",
  "department": "Germanic Studies",
  "updated": "2020-08-03T19:34:52.832238Z"
}