{
  "id": "GERM689O",
  "title": "Special Topics - M.A. Level; Work: German Shorts",
  "credits": "3",
  "description": "Why do we work? To try and answer this question, we will read a wide range of short works surveying different types of labor and their place in the German imaginary, from the military soldier to the craftsman, the factory worker, the criminal, the bureaucrat, up to the present-day gig economy. Taught in German.",
  "grading-method": [
    "Reg",
    "Aud",
    "S-F"
  ],
  "sections": [
    {
      "id": "0101",
      "instructors": [
        "Michael Lipkin"
      ],
      "seats": 20,
      "open-seats": 10,
      "waitlist": 0,
      "days": "M",
      "start": "4:30pm",
      "end": "7:15pm",
      "building": "JMZ",
      "room": "3203"
    }
  ],
  "term": "202001",
  "department": "Germanic Studies",
  "updated": "2020-08-03T19:35:08.884541Z"
}