{
  "id": "GERM320H",
  "title": "Survey of German Studies",
  "credits": "3",
  "description": "Prerequisite:",
  "grading-method": [
    "Reg",
    "P-F",
    "Aud"
  ],
  "sections": [
    {
      "id": "0101",
      "instructors": [
        "Josh Alvizu"
      ],
      "seats": 25,
      "open-seats": 10,
      "waitlist": 0,
      "days": "TuTh",
      "start": "12:30pm",
      "end": "1:45pm",
      "building": "JMZ",
      "room": "3203"
    }
  ],
  "term": "202001",
  "department": "Germanic Studies",
  "updated": "2020-08-03T19:35:00.899636Z"
}