{
  "id": "GERM204",
  "title": "German Grammar Review",
  "credits": "3",
  "description": "Prerequisite: GERM203; or Must have appropriate Foreign Language Placement Test (FLPT) score.\nRestriction: Must not be a fluent/native speaker of German.",
  "grading-method": [
    "Reg",
    "P-F",
    "Aud"
  ],
  "sections": [
    {
      "id": "0101",
      "instructors": [
        "Regina Ianozi"
      ],
      "seats": 25,
      "open-seats": 19,
      "waitlist": 0,
      "days": "TuTh",
      "start": "11:00am",
      "end": "12:15pm",
      "building": "JMZ",
      "room": "0208"
    }
  ],
  "term": "202001",
  "department": "Germanic Studies",
  "updated": "2020-08-03T19:34:54.003623Z"
}