{
  "id": "GERM149Z",
  "title": "Germanic Languages - Elementary II; Elementary Yiddish II",
  "credits": "3",
  "description": "Jointly offered with JWST282. Credit granted for GERM149Z or JWST282.",
  "grading-method": [
    "Reg",
    "P-F",
    "Aud"
  ],
  "sections": [
    {
      "id": "0101",
      "instructors": [
        "Adi Mahalel"
      ],
      "seats": 20,
      "open-seats": 16,
      "waitlist": 0,
      "days": "TuTh",
      "start": "12:30pm",
      "end": "1:45pm",
      "building": "JMZ",
      "room": "1205"
    }
  ],
  "term": "202001",
  "department": "Germanic Studies",
  "updated": "2020-08-03T19:34:51.676372Z"
}