{
  "id": "GERM302",
  "title": "Conversation and Composition II: Current Topics in German-Speaking Society",
  "credits": "3",
  "description": "Prerequisite: GERM301; or students who have taken courses with comparable content may contact the department.",
  "grading-method": [
    "Reg",
    "P-F",
    "Aud"
  ],
  "sections": [
    {
      "id": "0101",
      "instructors": [
        "Michael Lipkin"
      ],
      "seats": 20,
      "open-seats": 16,
      "waitlist": 0,
      "days": "TuTh",
      "start": "11:00am",
      "end": "12:15pm",
      "building": "JMZ",
      "room": "1103"
    }
  ],
  "term": "202001",
  "department": "Germanic Studies",
  "updated": "2020-08-03T19:34:57.453612Z"
}