{
  "id": "HISP630",
  "title": "Preservation Policy and Planning",
  "credits": "3",
  "description": "Prerequisite: Permission of ARCH-Historic Preservation Program.\nCredit only granted for: HISP619M or HISP630.\nFormerly: HISP619M.",
  "grading-method": [
    "Reg",
    "Aud",
    "S-F"
  ],
  "sections": [
    {
      "id": "0101",
      "instructors": [
        "Jeremy Wells"
      ],
      "seats": 15,
      "open-seats": 4,
      "waitlist": 0,
      "days": "W",
      "start": "7:00pm",
      "end": "9:40pm",
      "building": "ARC",
      "room": "1117"
    }
  ],
  "term": "202001",
  "department": "Historic Preservation",
  "updated": "2020-08-03T19:39:07.102420Z"
}