{
  "id": "HISP640",
  "title": "Historic Preservation Law, Advocacy and Public Policy",
  "credits": "3",
  "description": "Prerequisite: Permission of ARCH-Historic Preservation Program.\nCredit only granted for: HISP619C or HISP640.\nFormerly: HISP619C.",
  "grading-method": [
    "Reg",
    "Aud",
    "S-F"
  ],
  "sections": [
    {
      "id": "0101",
      "instructors": [
        "Frederick Stachura",
        "Dennis Pogue"
      ],
      "seats": 15,
      "open-seats": 6,
      "waitlist": 0,
      "days": "M",
      "start": "7:00pm",
      "end": "9:40pm",
      "building": "ARC",
      "room": "1125"
    }
  ],
  "term": "202001",
  "department": "Historic Preservation",
  "updated": "2020-08-03T19:39:09.417064Z"
}