{
  "id": "HISP619N",
  "title": "Special Topics in Historic Preservation; Partnership for Action Learning in Sustainability Program",
  "credits": "1",
  "description": "Restriction: Permission of department.",
  "grading-method": [
    "Reg",
    "Aud",
    "S-F"
  ],
  "sections": [
    {
      "id": "0101",
      "instructors": [
        "Instructor: TBA"
      ],
      "seats": 10,
      "open-seats": 10,
      "waitlist": 0,
      "days": "",
      "start": "",
      "end": "",
      "building": "",
      "room": ""
    }
  ],
  "term": "202001",
  "department": "Historic Preservation",
  "updated": "2020-08-03T19:39:03.653715Z"
}