{
  "id": "HDCC209A",
  "title": "Practicum in Digital Cultures and Creativity",
  "credits": "2",
  "description": "",
  "grading-method": [
    "Reg",
    "P-F",
    "Aud"
  ],
  "sections": [
    {
      "id": "0101",
      "instructors": [
        "DB Bauer"
      ],
      "seats": 15,
      "open-seats": 1,
      "waitlist": 0,
      "days": "Th",
      "start": "5:00pm",
      "end": "6:45pm",
      "building": "PFR",
      "room": "0111"
    }
  ],
  "term": "202001",
  "department": "Design Cultures and Creativity",
  "updated": "2020-08-03T19:37:08.433649Z"
}