{
  "id": "HDCC106",
  "title": "Introduction to Digital and Creativity II",
  "credits": "3",
  "description": "Restriction: Must be in the Digital Cultures and Creativity Honors College Living/Learning program.",
  "grading-method": [
    "Reg",
    "P-F",
    "Aud"
  ],
  "sections": [
    {
      "id": "0101",
      "instructors": [
        "Alexis Lothian"
      ],
      "seats": 17,
      "open-seats": 0,
      "waitlist": 0,
      "days": "TuTh",
      "start": "11:00am",
      "end": "12:15pm",
      "building": "PFR",
      "room": "0111"
    },
    {
      "id": "0201",
      "instructors": [
        "Sahar Khamis"
      ],
      "seats": 17,
      "open-seats": 5,
      "waitlist": 0,
      "days": "Th",
      "start": "4:00pm",
      "end": "6:30pm",
      "building": "KEY",
      "room": "0124"
    },
    {
      "id": "0301",
      "instructors": [
        "Evan Golub"
      ],
      "seats": 17,
      "open-seats": 0,
      "waitlist": 0,
      "days": "MW",
      "start": "4:00pm",
      "end": "5:15pm",
      "building": "PFR",
      "room": "0111"
    },
    {
      "id": "0401",
      "instructors": [
        "Daniel Greene"
      ],
      "seats": 17,
      "open-seats": 0,
      "waitlist": 0,
      "days": "MW",
      "start": "2:00pm",
      "end": "3:15pm",
      "building": "PFR",
      "room": "0111"
    }
  ],
  "term": "202001",
  "department": "Design Cultures and Creativity",
  "updated": "2020-08-03T19:37:07.240898Z"
}