{
  "id": "HDCC379",
  "title": "Digital Cultures and Creativity Independent Study",
  "credits": "1",
  "description": "",
  "grading-method": [
    "Reg",
    "P-F"
  ],
  "sections": [
    {
      "id": "0101",
      "instructors": [
        "Jason Farman"
      ],
      "seats": 5,
      "open-seats": 5,
      "waitlist": 0,
      "days": "",
      "start": "",
      "end": "",
      "building": "",
      "room": ""
    }
  ],
  "term": "202001",
  "department": "Design Cultures and Creativity",
  "updated": "2020-08-03T19:37:13.019536Z"
}