{
  "id": "HDCC209D",
  "title": "Practicum in Digital Cultures and Creativity",
  "credits": "2",
  "description": "",
  "grading-method": [
    "Reg",
    "P-F",
    "Aud"
  ],
  "sections": [
    {
      "id": "0101",
      "instructors": [
        "Jessica Lu"
      ],
      "seats": 15,
      "open-seats": 0,
      "waitlist": 0,
      "days": "M",
      "start": "12:00pm",
      "end": "1:45pm",
      "building": "PFR",
      "room": "0111"
    }
  ],
  "term": "202001",
  "department": "Design Cultures and Creativity",
  "updated": "2020-08-03T19:37:11.872239Z"
}