{
  "id": "ISRL448B",
  "title": "Seminar in Israel Studies; Media, Culture, and Society in Israel",
  "credits": "3",
  "description": "Cross-listed with COMM498D. Credit only granted for ISRL448B or COMM498D.\n\nThis course acquaints students with the historical development of media in Israel, from its government-sponsored monopolistic structure towards its current highly competitive, fragmented system. The course will discuss issues unique to Israel's media environment, including the media's role in nation-building, collective memory, social integration, and multiculturalism, and the securitization of media in the Israeli-Arab conflict.",
  "grading-method": [
    "Reg",
    "P-F",
    "Aud"
  ],
  "sections": [
    {
      "id": "0101",
      "instructors": [
        "Elie Friedman"
      ],
      "seats": 35,
      "open-seats": 0,
      "waitlist": 0,
      "days": "",
      "start": "",
      "end": "",
      "building": "",
      "room": "ONLINE"
    },
    {
      "id": "0102",
      "instructors": [
        "Elie Friedman"
      ],
      "seats": 31,
      "open-seats": 3,
      "waitlist": 0,
      "days": "",
      "start": "",
      "end": "",
      "building": "",
      "room": "ONLINE"
    }
  ],
  "term": "202001",
  "department": "Israel Studies",
  "updated": "2020-08-03T19:46:30.155764Z"
}