{
  "id": "ISRL448V",
  "title": "Seminar in Israel Studies; The New Theater of Terror: Online Terrorism",
  "credits": "3",
  "description": "Also offered as BSST338Y. Credit granted for BSST338Y or ISRL448V.\n\nThis course examines the relationships between modern terrorists and the new media, how terrorists use the online platforms, how democracies can respond to the challenge, and what are the prices of various measures.",
  "grading-method": [
    "Reg",
    "P-F",
    "Aud"
  ],
  "sections": [
    {
      "id": "0101",
      "instructors": [
        "Gabriel Weimann"
      ],
      "seats": 25,
      "open-seats": 2,
      "waitlist": 0,
      "days": "",
      "start": "",
      "end": "",
      "building": "",
      "room": "ONLINE"
    }
  ],
  "term": "202001",
  "department": "Israel Studies",
  "updated": "2020-08-03T19:46:32.481624Z"
}