{
  "id": "ISRL329K",
  "title": "Jewry of Muscle: Zionism and Jewish Masculinity",
  "credits": "3",
  "description": "Cross-listed with: JWST319K.\nCredit only granted for: JWST319K or ISRL329K.",
  "grading-method": [
    "Reg",
    "P-F",
    "Aud"
  ],
  "sections": [
    {
      "id": "0101",
      "instructors": [
        "Shirelle Doughty"
      ],
      "seats": 40,
      "open-seats": 3,
      "waitlist": 0,
      "days": "",
      "start": "",
      "end": "",
      "building": "",
      "room": "ONLINE"
    },
    {
      "id": "0102",
      "instructors": [
        "Shirelle Doughty"
      ],
      "seats": 30,
      "open-seats": 5,
      "waitlist": 0,
      "days": "",
      "start": "",
      "end": "",
      "building": "",
      "room": "ONLINE"
    }
  ],
  "term": "202001",
  "department": "Israel Studies",
  "updated": "2020-08-03T19:46:25.506295Z"
}