{
  "id": "ISRL249G",
  "title": "Introduction to Jewish Literature",
  "credits": "3",
  "description": "Cross-listed with: JWST272, CMLT242.\nCredit only granted for: JWST272, CMLT242, or ISRL249G.",
  "grading-method": [
    "Reg",
    "P-F",
    "Aud"
  ],
  "sections": [
    {
      "id": "0101",
      "instructors": [
        "Adi Mahalel"
      ],
      "seats": 40,
      "open-seats": 28,
      "waitlist": 0,
      "days": "TuTh",
      "start": "2:00pm",
      "end": "3:15pm",
      "building": "SQH",
      "room": "1103"
    }
  ],
  "term": "202001",
  "department": "Israel Studies",
  "updated": "2020-08-03T19:46:24.331799Z"
}