{
  "id": "ISRL448C",
  "title": "Seminar in Israel Studies; Populism and Social Media: A Comparative Approach",
  "credits": "3",
  "description": "Crosslisted with COMM498E. Credit granted for COMM498E or ISRL448C\n\nThe new media ecosystem has had a major impact on the emergence of populist movements, and not only in advanced democracies. Populist leaders are using social media to achieve power and to manipulate public opinion once they hold it. The course will look at the world-wide phenomenon of populism and populist leaders, with an emphasis on the Israeli case of Prime Minister Netanyahu's move from Tele-populism to Digital populism.",
  "grading-method": [
    "Reg",
    "P-F",
    "Aud"
  ],
  "sections": [
    {
      "id": "0100",
      "instructors": [
        "Yoram Peri"
      ],
      "seats": 25,
      "open-seats": 14,
      "waitlist": 0,
      "days": "MW",
      "start": "3:30pm",
      "end": "4:45pm",
      "building": "TWS",
      "room": "1313"
    }
  ],
  "term": "202001",
  "department": "Israel Studies",
  "updated": "2020-08-03T19:46:31.333259Z"
}