{
  "id": "ISRL349D",
  "title": "Investigating Topics in Israel Studies; The Right in Israel: A Historical Examination",
  "credits": "3",
  "description": "Cross-listed with HIST328F. Credit only granted for ISRL349D or HIST328F.\n\nIsrael has clearly moved towards the political Right during the last 30 years. This course will explore the history of that movement, beginning before Israeli became a state with the Revisionist movement and its offshoots. We focus primarily on post-1967, examining the religious and non-religious movements and parties that have advocated a Greater Israel. No previous knowledge of Israeli history required. Contact instructor for more information.",
  "grading-method": [
    "Reg",
    "P-F",
    "Aud"
  ],
  "sections": [
    {
      "id": "0101",
      "instructors": [
        "Paul Scham"
      ],
      "seats": 25,
      "open-seats": 16,
      "waitlist": 0,
      "days": "TuTh",
      "start": "2:00pm",
      "end": "3:15pm",
      "building": "SQH",
      "room": "1123"
    }
  ],
  "term": "202001",
  "department": "Israel Studies",
  "updated": "2020-08-03T19:46:29.005603Z"
}