{
  "id": "ISRL343",
  "title": "Global Migration and the Israeli Case Study",
  "credits": "3",
  "description": "Cross-listed with: SOCY398G.\nCredit only granted for: ISRL349K, GVPT368G, SOCY398G, SOCY398I, or ISRL343.\nFormerly: ISRL349K.",
  "grading-method": [
    "Reg",
    "P-F",
    "Aud"
  ],
  "sections": [
    {
      "id": "0101",
      "instructors": [
        "Pnina Peri"
      ],
      "seats": 25,
      "open-seats": 1,
      "waitlist": 0,
      "days": "MW",
      "start": "2:00pm",
      "end": "3:15pm",
      "building": "BPS",
      "room": "0283"
    }
  ],
  "term": "202001",
  "department": "Israel Studies",
  "updated": "2020-08-03T19:46:27.856616Z"
}