{
  "id": "MIEH771",
  "title": "Exposure Assessment of Environmental Hazards",
  "credits": "3",
  "description": "Prerequisite: MIEH600; and must have completed a graduate level statistics course with a B- or higher. Or permission of instructor.",
  "grading-method": [
    "Reg",
    "Aud",
    "S-F"
  ],
  "sections": [
    {
      "id": "0101",
      "instructors": [
        "Amir Sapkota"
      ],
      "seats": 25,
      "open-seats": 20,
      "waitlist": 0,
      "days": "Th",
      "start": "4:00pm",
      "end": "6:45pm",
      "building": "SPH",
      "room": "0303"
    }
  ],
  "term": "202001",
  "department": "Maryland Institute for Applied Environmental Health",
  "updated": "2020-08-03T19:55:44.472484Z"
}