{
  "id": "MIEH400",
  "title": "Introduction to Global Health",
  "credits": "3",
  "description": "Prerequisite: Minimum grade of C- in MIEH300; and 1 course with a minimum grade of C- from (SPHL100, PHSC300).\nRestriction: Must be in the Public Health Science program or must have permission of the program director; and must have completed 60 credits.\nCredit only granted for: MIEH400 or SPHL498A.\nFormerly: SPHL498A.",
  "grading-method": [
    "Reg",
    "P-F"
  ],
  "sections": [
    {
      "id": "0101",
      "instructors": [
        "Amir Sapkota"
      ],
      "seats": 20,
      "open-seats": 4,
      "waitlist": 0,
      "days": "MW",
      "start": "4:00pm",
      "end": "4:50pm",
      "building": "ESJ",
      "room": "2208"
    },
    {
      "id": "0102",
      "instructors": [
        "Amir Sapkota"
      ],
      "seats": 20,
      "open-seats": 3,
      "waitlist": 0,
      "days": "MW",
      "start": "4:00pm",
      "end": "4:50pm",
      "building": "ESJ",
      "room": "2208"
    },
    {
      "id": "0103",
      "instructors": [
        "Amir Sapkota"
      ],
      "seats": 20,
      "open-seats": 0,
      "waitlist": 0,
      "days": "MW",
      "start": "4:00pm",
      "end": "4:50pm",
      "building": "ESJ",
      "room": "2208"
    },
    {
      "id": "0104",
      "instructors": [
        "Amir Sapkota"
      ],
      "seats": 20,
      "open-seats": 0,
      "waitlist": 0,
      "days": "MW",
      "start": "4:00pm",
      "end": "4:50pm",
      "building": "ESJ",
      "room": "2208"
    },
    {
      "id": "0105",
      "instructors": [
        "Amir Sapkota"
      ],
      "seats": 20,
      "open-seats": 1,
      "waitlist": 0,
      "days": "MW",
      "start": "4:00pm",
      "end": "4:50pm",
      "building": "ESJ",
      "room": "2208"
    },
    {
      "id": "0106",
      "instructors": [
        "Amir Sapkota"
      ],
      "seats": 20,
      "open-seats": 0,
      "waitlist": 0,
      "days": "MW",
      "start": "4:00pm",
      "end": "4:50pm",
      "building": "ESJ",
      "room": "2208"
    },
    {
      "id": "ESG1",
      "instructors": [
        "Negin Fouladi"
      ],
      "seats": 35,
      "open-seats": 9,
      "waitlist": 0,
      "days": "M",
      "start": "2:00pm",
      "end": "4:30pm",
      "building": "BLD3",
      "room": "3220"
    }
  ],
  "term": "202001",
  "department": "Maryland Institute for Applied Environmental Health",
  "updated": "2020-08-03T19:55:33.840446Z"
}