{
  "id": "MIEH736",
  "title": "Antimicrobial Resistance and Me: Understanding the Science and Adapting Behavior to Preserve Human Health",
  "credits": "1",
  "description": "Cross-listed with: NFSC736, ENST736.",
  "grading-method": [
    "Reg",
    "S-F"
  ],
  "sections": [
    {
      "id": "0101",
      "instructors": [
        "Rohan Tikekar",
        "Stephanie Lansing"
      ],
      "seats": 15,
      "open-seats": 9,
      "waitlist": 0,
      "days": "TuTh",
      "start": "10:00am",
      "end": "10:50am",
      "building": "ANS",
      "room": "1422"
    }
  ],
  "term": "202001",
  "department": "Maryland Institute for Applied Environmental Health",
  "updated": "2020-08-03T19:55:43.312674Z"
}