{
  "id": "MIEH720",
  "title": "Principles of Toxicology",
  "credits": "3",
  "description": "Prerequisite: MIEH600; or permission of instructor.\nRecommended: Must have completed some coursework in chemistry and/or biology.",
  "grading-method": [
    "Reg",
    "Aud",
    "S-F"
  ],
  "sections": [
    {
      "id": "0101",
      "instructors": [
        "Paul Turner"
      ],
      "seats": 25,
      "open-seats": 20,
      "waitlist": 0,
      "days": "Th",
      "start": "1:00pm",
      "end": "3:45pm",
      "building": "SPH",
      "room": "0305"
    }
  ],
  "term": "202001",
  "department": "Maryland Institute for Applied Environmental Health",
  "updated": "2020-08-03T19:55:42.159693Z"
}