{
  "id": "MIEH300",
  "title": "A Public Health Perspective: Introduction to Environmental Health",
  "credits": "3",
  "description": "Prerequisite: Minimum grade of C- in CHEM131 and CHEM132; and must have completed or be concurrently enrolled in SPHL100 or PHSC300.\nRestriction: Must have earned a minimum of 60 credits.\nCredit only granted for: SPHL498N or MIEH300.\nFormerly: SPHL498N.",
  "grading-method": [
    "Reg",
    "P-F"
  ],
  "sections": [
    {
      "id": "0101",
      "instructors": [
        "Kendall Bustad"
      ],
      "seats": 20,
      "open-seats": 0,
      "waitlist": 0,
      "days": "MW",
      "start": "9:00am",
      "end": "9:50am",
      "building": "SPH",
      "room": "1312"
    },
    {
      "id": "0102",
      "instructors": [
        "Kendall Bustad"
      ],
      "seats": 20,
      "open-seats": 0,
      "waitlist": 0,
      "days": "MW",
      "start": "9:00am",
      "end": "9:50am",
      "building": "SPH",
      "room": "1312"
    },
    {
      "id": "0103",
      "instructors": [
        "Kendall Bustad"
      ],
      "seats": 20,
      "open-seats": 1,
      "waitlist": 0,
      "days": "MW",
      "start": "9:00am",
      "end": "9:50am",
      "building": "SPH",
      "room": "1312"
    },
    {
      "id": "0105",
      "instructors": [
        "Kendall Bustad"
      ],
      "seats": 20,
      "open-seats": 2,
      "waitlist": 0,
      "days": "MW",
      "start": "9:00am",
      "end": "9:50am",
      "building": "SPH",
      "room": "1312"
    },
    {
      "id": "0106",
      "instructors": [
        "Kendall Bustad"
      ],
      "seats": 20,
      "open-seats": 0,
      "waitlist": 0,
      "days": "MW",
      "start": "9:00am",
      "end": "9:50am",
      "building": "SPH",
      "room": "1312"
    },
    {
      "id": "0107",
      "instructors": [
        "Kendall Bustad"
      ],
      "seats": 20,
      "open-seats": 1,
      "waitlist": 0,
      "days": "MW",
      "start": "9:00am",
      "end": "9:50am",
      "building": "SPH",
      "room": "1312"
    },
    {
      "id": "0108",
      "instructors": [
        "Kendall Bustad"
      ],
      "seats": 20,
      "open-seats": 4,
      "waitlist": 0,
      "days": "MW",
      "start": "9:00am",
      "end": "9:50am",
      "building": "SPH",
      "room": "1312"
    }
  ],
  "term": "202001",
  "department": "Maryland Institute for Applied Environmental Health",
  "updated": "2020-08-03T19:55:28.959673Z"
}