{
  "id": "MIEH610",
  "title": "Global Health Program Planning and Evaluation",
  "credits": "3",
  "description": "Recommended: MIEH605.\nCredit only granted for: MIEH610, SPHL610 or SPHL698D.\nFormerly: SPHL698D and SPHL610.",
  "grading-method": [
    "Reg",
    "Aud",
    "S-F"
  ],
  "sections": [
    {
      "id": "GH01",
      "instructors": [
        "Anton Schneider"
      ],
      "seats": 15,
      "open-seats": 4,
      "waitlist": 0,
      "days": "W",
      "start": "5:00pm",
      "end": "7:30pm",
      "building": "ATL",
      "room": "0201"
    }
  ],
  "term": "202001",
  "department": "Maryland Institute for Applied Environmental Health",
  "updated": "2020-08-03T19:55:36.387337Z"
}