{
  "id": "MIEH688",
  "title": "Seminar in the Maryland Institute for Applied Environmental Health: Current Topics in Environmental Health",
  "credits": "1",
  "description": "",
  "grading-method": [
    "S-F"
  ],
  "sections": [
    {
      "id": "0101",
      "instructors": [
        "Donald Milton"
      ],
      "seats": 10,
      "open-seats": 5,
      "waitlist": 0,
      "days": "Tu",
      "start": "11:00am",
      "end": "12:00pm",
      "building": "SPH",
      "room": "2234CC"
    }
  ],
  "term": "202001",
  "department": "Maryland Institute for Applied Environmental Health",
  "updated": "2020-08-03T19:55:37.539237Z"
}