{
  "id": "MIEH321",
  "title": "Environmental Determinants of Emerging Infectious Diseases",
  "credits": "3",
  "description": "Examines the influences of environmental factors, economic development, migration, and land use changes on emergence and reemergence of infectious diseases. Explores how population growth, development, and climate change impact natural reservoirs of infectious diseases and how they are transmitted through human populations. Includes historical accounts, newly emerging and reemerging diseases.",
  "grading-method": [
    "Reg",
    "P-F",
    "Aud"
  ],
  "sections": [
    {
      "id": "0101",
      "instructors": [
        "Sara Bazaco"
      ],
      "seats": 35,
      "open-seats": 0,
      "waitlist": 0,
      "days": "Tu",
      "start": "5:00pm",
      "end": "7:30pm",
      "building": "SPH",
      "room": "0308"
    }
  ],
  "term": "202001",
  "department": "Maryland Institute for Applied Environmental Health",
  "updated": "2020-08-03T19:55:31.527681Z"
}