{
  "id": "MIEH690",
  "title": "UMD Global STEWARDS: Experiential Exploration of Innovations at the Nexus of Food, Energy, and Water Systems (INFEWS)",
  "credits": "3",
  "description": "Restriction: Permission of instructor.",
  "grading-method": [
    "Reg",
    "Aud",
    "S-F"
  ],
  "sections": [
    {
      "id": "0101",
      "instructors": [
        "Amy Sapkota"
      ],
      "seats": 15,
      "open-seats": 4,
      "waitlist": 0,
      "days": "W",
      "start": "9:00am",
      "end": "11:45am",
      "building": "ESJ",
      "room": "B0320"
    }
  ],
  "term": "202001",
  "department": "Maryland Institute for Applied Environmental Health",
  "updated": "2020-08-03T19:55:38.697855Z"
}