{
  "id": "MIEH785",
  "title": "Internship in Public Health",
  "credits": "3",
  "description": "Restriction: Permission of SPHL-Maryland Institute for Applied Environmental Health.\nCredit only granted for: MIEH785 or MIEH778.",
  "grading-method": [
    "Reg",
    "Aud",
    "S-F"
  ],
  "sections": [
    {
      "id": "0101",
      "instructors": [
        "Paul Turner"
      ],
      "seats": 5,
      "open-seats": 5,
      "waitlist": 0,
      "days": "",
      "start": "",
      "end": "",
      "building": "",
      "room": ""
    }
  ],
  "term": "202001",
  "department": "Maryland Institute for Applied Environmental Health",
  "updated": "2020-08-03T19:55:45.625930Z"
}