{
  "id": "MIEH699",
  "title": "UMD Global STEWARDS: Seminal Findings, and Research and Policy in Progress at the Food, Energy, Water Nexus",
  "credits": "1",
  "description": "",
  "grading-method": [
    "S-F",
    "Aud"
  ],
  "sections": [
    {
      "id": "0101",
      "instructors": [
        "Amy Sapkota"
      ],
      "seats": 15,
      "open-seats": 4,
      "waitlist": 0,
      "days": "Th",
      "start": "12:00pm",
      "end": "1:00pm",
      "building": "SPH",
      "room": "0112"
    }
  ],
  "term": "202001",
  "department": "Maryland Institute for Applied Environmental Health",
  "updated": "2020-08-03T19:55:41.010473Z"
}