{
  "id": "MIEH331",
  "title": "The Built Environment, Sustainability, and Public Health: The Good, the Bad, and the Ugly",
  "credits": "3",
  "description": "Prerequisite: Minimum grade of C- in MIEH300; or permission of instructor.\nCredit only granted for: MIEH215 or MIEH331.\nFormerly: MIEH215.",
  "grading-method": [
    "Reg",
    "P-F",
    "Aud"
  ],
  "sections": [
    {
      "id": "0101",
      "instructors": [
        "Rianna Murray"
      ],
      "seats": 10,
      "open-seats": 0,
      "waitlist": 0,
      "days": "",
      "start": "",
      "end": "",
      "building": "",
      "room": "ONLINE"
    },
    {
      "id": "ESG1",
      "instructors": [
        "Rianna Murray"
      ],
      "seats": 25,
      "open-seats": 0,
      "waitlist": 0,
      "days": "",
      "start": "",
      "end": "",
      "building": "",
      "room": "ONLINE"
    }
  ],
  "term": "202001",
  "department": "Maryland Institute for Applied Environmental Health",
  "updated": "2020-08-03T19:55:32.675680Z"
}