{
  "id": "MIEH309",
  "title": "Environmental Health Research",
  "credits": "1",
  "description": "",
  "grading-method": [
    "Reg",
    "P-F"
  ],
  "sections": [
    {
      "id": "0201",
      "instructors": [
        "Paul Turner"
      ],
      "seats": 10,
      "open-seats": 10,
      "waitlist": 0,
      "days": "",
      "start": "",
      "end": "",
      "building": "",
      "room": ""
    },
    {
      "id": "0202",
      "instructors": [
        "Amir Sapkota"
      ],
      "seats": 10,
      "open-seats": 10,
      "waitlist": 0,
      "days": "",
      "start": "",
      "end": "",
      "building": "",
      "room": ""
    },
    {
      "id": "0203",
      "instructors": [
        "Amy Sapkota"
      ],
      "seats": 10,
      "open-seats": 10,
      "waitlist": 0,
      "days": "",
      "start": "",
      "end": "",
      "building": "",
      "room": ""
    },
    {
      "id": "0204",
      "instructors": [
        "Jennifer German",
        "Donald Milton"
      ],
      "seats": 40,
      "open-seats": 13,
      "waitlist": 0,
      "days": "",
      "start": "",
      "end": "",
      "building": "",
      "room": ""
    },
    {
      "id": "0205",
      "instructors": [
        "Robin Puett"
      ],
      "seats": 10,
      "open-seats": 8,
      "waitlist": 0,
      "days": "",
      "start": "",
      "end": "",
      "building": "",
      "room": ""
    },
    {
      "id": "0206",
      "instructors": [
        "Sacoby Wilson"
      ],
      "seats": 20,
      "open-seats": 13,
      "waitlist": 0,
      "days": "",
      "start": "",
      "end": "",
      "building": "",
      "room": ""
    },
    {
      "id": "0207",
      "instructors": [
        "Lesliam Quiros Alcala"
      ],
      "seats": 10,
      "open-seats": 10,
      "waitlist": 0,
      "days": "",
      "start": "",
      "end": "",
      "building": "",
      "room": ""
    },
    {
      "id": "0208",
      "instructors": [
        "Devon Payne-Sturges"
      ],
      "seats": 10,
      "open-seats": 10,
      "waitlist": 0,
      "days": "",
      "start": "",
      "end": "",
      "building": "",
      "room": ""
    },
    {
      "id": "0209",
      "instructors": [
        "Muhiuddin Haider"
      ],
      "seats": 10,
      "open-seats": 10,
      "waitlist": 0,
      "days": "",
      "start": "",
      "end": "",
      "building": "",
      "room": ""
    },
    {
      "id": "0210",
      "instructors": [
        "Elisabeth Maring"
      ],
      "seats": 10,
      "open-seats": 10,
      "waitlist": 0,
      "days": "",
      "start": "",
      "end": "",
      "building": "",
      "room": ""
    },
    {
      "id": "0211",
      "instructors": [
        "Kristin Cipriani"
      ],
      "seats": 5,
      "open-seats": 5,
      "waitlist": 0,
      "days": "",
      "start": "",
      "end": "",
      "building": "",
      "room": ""
    }
  ],
  "term": "202001",
  "department": "Maryland Institute for Applied Environmental Health",
  "updated": "2020-08-03T19:55:30.239832Z"
}