{
  "id": "HLMN473",
  "title": "Consulting in Tech Entrepreneurship",
  "credits": "3",
  "description": "Restriction: Restricted to students in the Hillman Entrepreneurs Program.\nAdditional information: HLMN473 may not count toward any BMGT major or minor degree.",
  "grading-method": [
    "Reg"
  ],
  "sections": [
    {
      "id": "0101",
      "instructors": [
        "Gul Branco"
      ],
      "seats": 60,
      "open-seats": 13,
      "waitlist": 0,
      "days": "F",
      "start": "1:00pm",
      "end": "3:30pm",
      "building": "HJP",
      "room": "2242"
    }
  ],
  "term": "202001",
  "department": "Hillman Entrepreneurs Program",
  "updated": "2020-02-10T14:31:31.217776Z"
}