{
  "id": "ENAE665",
  "title": "Advanced Airbreathing Propulsion",
  "credits": "3",
  "description": "Prerequisite: ENAE674 and ENAE455; or students who have taken courses with comparable content may contact the department.\nRestriction: Permission of instructor.",
  "grading-method": [
    "Reg",
    "Aud",
    "S-F"
  ],
  "sections": [
    {
      "id": "0101",
      "instructors": [
        "Kenneth Yu"
      ],
      "seats": 15,
      "open-seats": 10,
      "waitlist": 0,
      "days": "TuTh",
      "start": "11:00am",
      "end": "12:15pm",
      "building": "JMP",
      "room": "1202"
    }
  ],
  "term": "202001",
  "department": "Engineering, Aerospace",
  "updated": "2020-08-03T19:19:39.977565Z"
}