{
  "id": "ENAE425",
  "title": "Mechanics of Composite Structures",
  "credits": "3",
  "description": "Prerequisite: MATH246, ENAE324, ENES220, and MATH241.",
  "grading-method": [
    "Reg",
    "P-F",
    "Aud"
  ],
  "sections": [
    {
      "id": "0101",
      "instructors": [
        "Andrew Becnel",
        "Norman Wereley"
      ],
      "seats": 25,
      "open-seats": 1,
      "waitlist": 0,
      "days": "MWF",
      "start": "12:00pm",
      "end": "12:50pm",
      "building": "AJC",
      "room": "2134"
    }
  ],
  "term": "202001",
  "department": "Engineering, Aerospace",
  "updated": "2020-08-03T19:19:21.179749Z"
}