{
  "id": "ENAE488I",
  "title": "Topics in Aerospace Engineering; Advanced Space Propulsion and Power",
  "credits": "3",
  "description": "Prerequisite: ENAE457 or equivalent",
  "grading-method": [
    "Reg",
    "P-F",
    "Aud"
  ],
  "sections": [
    {
      "id": "0101",
      "instructors": [
        "Raymond Sedwick"
      ],
      "seats": 28,
      "open-seats": 11,
      "waitlist": 0,
      "days": "TuTh",
      "start": "9:30am",
      "end": "10:45am",
      "building": "EGR",
      "room": "2116"
    }
  ],
  "term": "202001",
  "department": "Engineering, Aerospace",
  "updated": "2020-08-03T19:19:31.890036Z"
}