{
  "id": "ENAE654",
  "title": "Mechanics of Composite Structures",
  "credits": "3",
  "description": "An introduction to structures composed of composite materials and their applications in aerospace. In particular, filamentary composite materials are studied. Material types and fabrication techniques, material properties, micromechanics, anisotropic elasticity, introduction to failure concepts.",
  "grading-method": [
    "Reg",
    "S-F"
  ],
  "sections": [
    {
      "id": "0101",
      "instructors": [
        "Andrew Becnel",
        "Norman Wereley"
      ],
      "seats": 10,
      "open-seats": 1,
      "waitlist": 0,
      "days": "MWF",
      "start": "12:00pm",
      "end": "12:50pm",
      "building": "AJC",
      "room": "2134"
    }
  ],
  "term": "202001",
  "department": "Engineering, Aerospace",
  "updated": "2020-08-03T19:19:37.666684Z"
}