{
  "id": "ENAE404",
  "title": "Space Flight Dynamics",
  "credits": "3",
  "description": "Prerequisite: ENAE301.\nRestriction: Must be in Engineering: Aerospace program; or permission of ENGR-Aerospace Engineering department.",
  "grading-method": [
    "Reg",
    "P-F"
  ],
  "sections": [
    {
      "id": "0101",
      "instructors": [
        "Christine Hartzell"
      ],
      "seats": 95,
      "open-seats": 1,
      "waitlist": 0,
      "days": "TuTh",
      "start": "9:30am",
      "end": "10:45am",
      "building": "KEB",
      "room": "1110"
    }
  ],
  "term": "202001",
  "department": "Engineering, Aerospace",
  "updated": "2020-08-03T19:19:17.685570Z"
}