{
  "id": "ENAE484",
  "title": "Space Systems Design",
  "credits": "3",
  "description": "Prerequisite: ENAE423, ENAE483, ENAE441, and ENAE457.\nRestriction: Must be in Engineering: Aerospace program.",
  "grading-method": [
    "Reg",
    "P-F"
  ],
  "sections": [
    {
      "id": "0101",
      "instructors": [
        "David Akin",
        "Jarred Young",
        "Andrew Becnel"
      ],
      "seats": 30,
      "open-seats": 6,
      "waitlist": 0,
      "days": "TuTh",
      "start": "11:00am",
      "end": "12:15pm",
      "building": "TBA",
      "room": ""
    },
    {
      "id": "0102",
      "instructors": [
        "David Akin",
        "Jarred Young",
        "Andrew Becnel"
      ],
      "seats": 30,
      "open-seats": 14,
      "waitlist": 0,
      "days": "TuTh",
      "start": "1:00pm",
      "end": "2:15pm",
      "building": "TBA",
      "room": ""
    },
    {
      "id": "0103",
      "instructors": [
        "David Akin",
        "Jarred Young",
        "Andrew Becnel"
      ],
      "seats": 30,
      "open-seats": 10,
      "waitlist": 0,
      "days": "MW",
      "start": "9:00am",
      "end": "10:15am",
      "building": "TBA",
      "room": ""
    },
    {
      "id": "0104",
      "instructors": [
        "David Akin",
        "Jarred Young",
        "Andrew Becnel"
      ],
      "seats": 30,
      "open-seats": 0,
      "waitlist": 0,
      "days": "MW",
      "start": "5:00pm",
      "end": "6:15pm",
      "building": "TBA",
      "room": ""
    }
  ],
  "term": "202001",
  "department": "Engineering, Aerospace",
  "updated": "2020-08-03T19:19:27.237683Z"
}