{
  "id": "ENAE788L",
  "title": "Selected Topics in Aerospace Engineering; Optimal Estimation of Dynamic Systems",
  "credits": "3",
  "description": "Prerequisite: ENAE404 or equivalent, ENAE441 recommended. Optimal estimation or orbit and attitude of spacecraft. Probability concepts in dynamic systems including measurement and modeling uncertainty. Filtering and smoothing for spacecraft navigation and other aerospace applications. Parameter and state estimation applications.",
  "grading-method": [
    "Reg",
    "Aud",
    "S-F"
  ],
  "sections": [
    {
      "id": "0101",
      "instructors": [
        "Liam Healy"
      ],
      "seats": 20,
      "open-seats": 17,
      "waitlist": 0,
      "days": "TuTh",
      "start": "9:30am",
      "end": "10:45am",
      "building": "JMP",
      "room": "1109"
    }
  ],
  "term": "202001",
  "department": "Engineering, Aerospace",
  "updated": "2020-08-03T19:19:49.253551Z"
}