{
  "id": "ENAE788G",
  "title": "Selected Topics in Aerospace Engineering; Aeroacoustics",
  "credits": "3",
  "description": "Aeroacoustics deals with sound generated fluid mechanically because of turbulence, the motion of solid bodies through a fluid, vortex and shear flows, propagating shocks, and combinations of these mechanisms. This course will examine the basics of fundamental acoustics as well as the sources of noise generation and propagation in aerospace applications (primarily jet noise and rotor noise). This will require the derivation and application of various methods applicable to acoustic propagation.",
  "grading-method": [
    "Reg",
    "Aud",
    "S-F"
  ],
  "sections": [
    {
      "id": "0101",
      "instructors": [
        "James Baeder"
      ],
      "seats": 20,
      "open-seats": 15,
      "waitlist": 0,
      "days": "TuTh",
      "start": "11:00am",
      "end": "12:15pm",
      "building": "JMP",
      "room": "2222"
    },
    {
      "id": "SG01",
      "instructors": [
        "James Baeder"
      ],
      "seats": 5,
      "open-seats": 5,
      "waitlist": 0,
      "days": "TuTh",
      "start": "11:00am",
      "end": "12:15pm",
      "building": "TBA",
      "room": ""
    },
    {
      "id": "SM01",
      "instructors": [
        "James Baeder"
      ],
      "seats": 5,
      "open-seats": 5,
      "waitlist": 0,
      "days": "TuTh",
      "start": "11:00am",
      "end": "12:15pm",
      "building": "TBA",
      "room": ""
    },
    {
      "id": "TV01",
      "instructors": [
        "James Baeder"
      ],
      "seats": 5,
      "open-seats": 1,
      "waitlist": 0,
      "days": "TuTh",
      "start": "11:00am",
      "end": "12:15pm",
      "building": "TBA",
      "room": ""
    }
  ],
  "term": "202001",
  "department": "Engineering, Aerospace",
  "updated": "2020-08-03T19:19:48.058589Z"
}