{
  "id": "ENAE488F",
  "title": "Topics in Aerospace Engineering; Introduction to Aviation for Pilot Training",
  "credits": "3",
  "description": "Course not approved for graduate students.\n\nPrerequisite: ENAE283 or permission of department. Restriction: Must be in Engineering: Aerospace program.\n\nIntroduction to how pilots view the design of an aerospace vehicle. Topics include aerodynamic principles, pilot training, flight instruments, flight maneuvers, aeronautical charts and communication, aviation weather, & airplane performance and navigation.",
  "grading-method": [
    "Reg",
    "P-F"
  ],
  "sections": [
    {
      "id": "0101",
      "instructors": [
        "Daniel George"
      ],
      "seats": 42,
      "open-seats": 0,
      "waitlist": 0,
      "days": "Tu",
      "start": "7:00pm",
      "end": "9:30pm",
      "building": "EGR",
      "room": "1104"
    }
  ],
  "term": "202001",
  "department": "Engineering, Aerospace",
  "updated": "2020-08-03T19:19:30.744457Z"
}