{
  "id": "ENAE663",
  "title": "Introduction to Plasmas for Space Propulsion and Power",
  "credits": "3",
  "description": "Recommended: PHYS270 or equivalent.",
  "grading-method": [
    "Reg",
    "Aud",
    "S-F"
  ],
  "sections": [
    {
      "id": "0101",
      "instructors": [
        "Raymond Sedwick"
      ],
      "seats": 15,
      "open-seats": 12,
      "waitlist": 0,
      "days": "W",
      "start": "4:00pm",
      "end": "6:30pm",
      "building": "CHE",
      "room": "2140"
    }
  ],
  "term": "202001",
  "department": "Engineering, Aerospace",
  "updated": "2020-08-03T19:19:38.815377Z"
}