{
  "id": "ENAE743",
  "title": "Applied Nonlinear Control of Aerospace Systems",
  "credits": "3",
  "description": "Prerequisite: ENAE641.",
  "grading-method": [
    "Reg",
    "Aud",
    "S-F"
  ],
  "sections": [
    {
      "id": "0101",
      "instructors": [
        "Debdipta Goswami",
        "Derek Paley"
      ],
      "seats": 25,
      "open-seats": 4,
      "waitlist": 0,
      "days": "TuTh",
      "start": "12:30pm",
      "end": "1:45pm",
      "building": "AJC",
      "room": "2119"
    }
  ],
  "term": "202001",
  "department": "Engineering, Aerospace",
  "updated": "2020-08-03T19:19:46.910807Z"
}