{
  "id": "ENAE420",
  "title": "Computational Structural Mechanics",
  "credits": "3",
  "description": "Prerequisite: ENES220 and MATH241; and must have completed a course in linear algebra.\nRestriction: Must be in Engineering: Aerospace program; or permission of ENGR-Aerospace Engineering department.",
  "grading-method": [
    "Reg",
    "P-F",
    "Aud"
  ],
  "sections": [
    {
      "id": "0101",
      "instructors": [
        "Sung Lee"
      ],
      "seats": 28,
      "open-seats": 6,
      "waitlist": 0,
      "days": "TuTh",
      "start": "12:30pm",
      "end": "1:45pm",
      "building": "CSI",
      "room": "2118"
    }
  ],
  "term": "202001",
  "department": "Engineering, Aerospace",
  "updated": "2020-08-03T19:19:20.025642Z"
}