{
  "id": "ENAE682",
  "title": "Hypersonic Aerodynamics",
  "credits": "3",
  "description": "Restriction: Permission of ENGR-Aerospace Engineering department.",
  "grading-method": [
    "Reg",
    "Aud",
    "S-F"
  ],
  "sections": [
    {
      "id": "0101",
      "instructors": [
        "Stuart Laurence"
      ],
      "seats": 20,
      "open-seats": 12,
      "waitlist": 0,
      "days": "TuTh",
      "start": "12:30pm",
      "end": "1:45pm",
      "building": "EGR",
      "room": "1110"
    }
  ],
  "term": "202001",
  "department": "Engineering, Aerospace",
  "updated": "2020-08-03T19:19:43.441348Z"
}