{
  "id": "ENAE694",
  "title": "Spacecraft Communications",
  "credits": "3",
  "description": "Brief overview of satellite orbits. Radio frequency communications, noise, and bandwidth limitations. Link budget analysis. Modulation and multiplexing approaches, multiple access systems. Satellite transponder and Earth station technology.",
  "grading-method": [
    "Reg",
    "Aud",
    "S-F"
  ],
  "sections": [
    {
      "id": "0101",
      "instructors": [
        "David Israel"
      ],
      "seats": 15,
      "open-seats": 2,
      "waitlist": 0,
      "days": "MW",
      "start": "5:00pm",
      "end": "6:15pm",
      "building": "MTH",
      "room": "B0431"
    }
  ],
  "term": "202001",
  "department": "Engineering, Aerospace",
  "updated": "2020-08-03T19:19:44.601576Z"
}