{
  "id": "ENAE464",
  "title": "Aerospace Engineering Laboratory",
  "credits": "3",
  "description": "Prerequisite: ENAE324, ENAE362, ENAE311, and ENAE432.\nRestriction: Must be in Engineering: Aerospace program; or permission of ENGR-Aerospace Engineering department.",
  "grading-method": [
    "Reg",
    "P-F"
  ],
  "sections": [
    {
      "id": "0101",
      "instructors": [
        "Allen Winkelmann"
      ],
      "seats": 20,
      "open-seats": 0,
      "waitlist": 0,
      "days": "MW",
      "start": "11:00am",
      "end": "11:50am",
      "building": "JMP",
      "room": "3201"
    },
    {
      "id": "0102",
      "instructors": [
        "Allen Winkelmann"
      ],
      "seats": 20,
      "open-seats": 0,
      "waitlist": 0,
      "days": "MW",
      "start": "11:00am",
      "end": "11:50am",
      "building": "JMP",
      "room": "3201"
    },
    {
      "id": "0103",
      "instructors": [
        "Allen Winkelmann"
      ],
      "seats": 20,
      "open-seats": 0,
      "waitlist": 0,
      "days": "MW",
      "start": "11:00am",
      "end": "11:50am",
      "building": "JMP",
      "room": "3201"
    },
    {
      "id": "0104",
      "instructors": [
        "Allen Winkelmann"
      ],
      "seats": 20,
      "open-seats": 3,
      "waitlist": 0,
      "days": "MW",
      "start": "11:00am",
      "end": "11:50am",
      "building": "JMP",
      "room": "3201"
    },
    {
      "id": "0105",
      "instructors": [
        "Allen Winkelmann"
      ],
      "seats": 20,
      "open-seats": 1,
      "waitlist": 0,
      "days": "MW",
      "start": "11:00am",
      "end": "11:50am",
      "building": "JMP",
      "room": "3201"
    },
    {
      "id": "0201",
      "instructors": [
        "Andrew Becnel"
      ],
      "seats": 24,
      "open-seats": 1,
      "waitlist": 0,
      "days": "MW",
      "start": "11:00am",
      "end": "11:50am",
      "building": "EGR",
      "room": "0108"
    },
    {
      "id": "0202",
      "instructors": [
        "Andrew Becnel"
      ],
      "seats": 28,
      "open-seats": 2,
      "waitlist": 0,
      "days": "MW",
      "start": "11:00am",
      "end": "11:50am",
      "building": "EGR",
      "room": "0108"
    }
  ],
  "term": "202001",
  "department": "Engineering, Aerospace",
  "updated": "2020-08-03T19:19:23.566321Z"
}