{
  "id": "ENAE432",
  "title": "Control of Aerospace Systems",
  "credits": "3",
  "description": "Prerequisite: Minimum grade of C- in ENAE301 and ENAE283.\nRestriction: Junior standing or higher; and must be in Engineering: Aerospace program.",
  "grading-method": [
    "Reg",
    "P-F",
    "Aud"
  ],
  "sections": [
    {
      "id": "0101",
      "instructors": [
        "Robert Sanner"
      ],
      "seats": 42,
      "open-seats": 0,
      "waitlist": 0,
      "days": "MWF",
      "start": "9:00am",
      "end": "9:50am",
      "building": "EGR",
      "room": "1202"
    },
    {
      "id": "0102",
      "instructors": [
        "Robert Sanner"
      ],
      "seats": 43,
      "open-seats": 3,
      "waitlist": 0,
      "days": "MWF",
      "start": "9:00am",
      "end": "9:50am",
      "building": "EGR",
      "room": "1202"
    },
    {
      "id": "0103",
      "instructors": [
        "Robert Sanner"
      ],
      "seats": 42,
      "open-seats": 1,
      "waitlist": 0,
      "days": "MWF",
      "start": "9:00am",
      "end": "9:50am",
      "building": "EGR",
      "room": "1202"
    },
    {
      "id": "0104",
      "instructors": [
        "Robert Sanner"
      ],
      "seats": 43,
      "open-seats": 2,
      "waitlist": 0,
      "days": "MWF",
      "start": "9:00am",
      "end": "9:50am",
      "building": "EGR",
      "room": "1202"
    }
  ],
  "term": "202001",
  "department": "Engineering, Aerospace",
  "updated": "2020-08-03T19:19:22.340314Z"
}