{
  "id": "ENAE324",
  "title": "Aerospace Structures",
  "credits": "4",
  "description": "Prerequisite: ENES220.\nRestriction: Must be in Engineering: Aerospace program.",
  "grading-method": [
    "Reg",
    "P-F",
    "Aud"
  ],
  "sections": [
    {
      "id": "0101",
      "instructors": [
        "Olivier Bauchau"
      ],
      "seats": 62,
      "open-seats": 4,
      "waitlist": 0,
      "days": "MW",
      "start": "10:00am",
      "end": "10:50am",
      "building": "CSI",
      "room": "2117"
    },
    {
      "id": "0201",
      "instructors": [
        "Mary Bowden"
      ],
      "seats": 62,
      "open-seats": 0,
      "waitlist": 0,
      "days": "MW",
      "start": "11:00am",
      "end": "11:50am",
      "building": "CSI",
      "room": "2117"
    },
    {
      "id": "0301",
      "instructors": [
        "Giuseppe Pennisi"
      ],
      "seats": 62,
      "open-seats": 3,
      "waitlist": 0,
      "days": "MW",
      "start": "10:00am",
      "end": "10:50am",
      "building": "EGR",
      "room": "1108"
    }
  ],
  "term": "202001",
  "department": "Engineering, Aerospace",
  "updated": "2020-08-03T19:19:15.333815Z"
}