{
  "id": "ENAE634",
  "title": "Helicopter Design",
  "credits": "3",
  "description": "Prerequisite: ENAE631. Or permission of ENGR-Aerospace Engineering department; and permission of instructor.",
  "grading-method": [
    "Reg",
    "Aud",
    "S-F"
  ],
  "sections": [
    {
      "id": "0101",
      "instructors": [
        "Inderjit Chopra"
      ],
      "seats": 15,
      "open-seats": 6,
      "waitlist": 0,
      "days": "F",
      "start": "1:00pm",
      "end": "2:50pm",
      "building": "TBA",
      "room": ""
    }
  ],
  "term": "202001",
  "department": "Engineering, Aerospace",
  "updated": "2020-08-03T19:19:35.349801Z"
}