{
  "id": "ENAE482",
  "title": "Aeronautical Systems Design",
  "credits": "3",
  "description": "Prerequisite: ENAE455, ENAE423, ENAE403, and ENAE481.\nRestriction: Must be in Engineering: Aerospace program; and senior standing or higher.",
  "grading-method": [
    "Reg",
    "P-F"
  ],
  "sections": [
    {
      "id": "0101",
      "instructors": [
        "Dominic Palumbo"
      ],
      "seats": 30,
      "open-seats": 0,
      "waitlist": 0,
      "days": "MWF",
      "start": "1:00pm",
      "end": "1:50pm",
      "building": "EGR",
      "room": "0135"
    },
    {
      "id": "0201",
      "instructors": [
        "Sung Lee"
      ],
      "seats": 15,
      "open-seats": 0,
      "waitlist": 0,
      "days": "MW",
      "start": "12:00pm",
      "end": "1:15pm",
      "building": "CHE",
      "room": "2140"
    },
    {
      "id": "0301",
      "instructors": [
        "Vengalattore Nagaraj",
        "James Baeder"
      ],
      "seats": 10,
      "open-seats": 1,
      "waitlist": 0,
      "days": "MW",
      "start": "3:30pm",
      "end": "4:45pm",
      "building": "EGR",
      "room": "3111"
    },
    {
      "id": "0401",
      "instructors": [
        "Vengalattore Nagaraj",
        "James Baeder"
      ],
      "seats": 10,
      "open-seats": 0,
      "waitlist": 0,
      "days": "M",
      "start": "6:00pm",
      "end": "9:00pm",
      "building": "EGR",
      "room": "1110"
    }
  ],
  "term": "202001",
  "department": "Engineering, Aerospace",
  "updated": "2020-08-03T19:19:26.040763Z"
}