{
  "id": "ENAE633",
  "title": "Helicopter Dynamics",
  "credits": "3",
  "description": "Prerequisite: ENAE631. Or permission of ENGR-Aerospace Engineering department; and permission of instructor.",
  "grading-method": [
    "Reg",
    "Aud",
    "S-F"
  ],
  "sections": [
    {
      "id": "0101",
      "instructors": [
        "Anubhav Datta"
      ],
      "seats": 20,
      "open-seats": 15,
      "waitlist": 0,
      "days": "TuTh",
      "start": "9:30am",
      "end": "10:45am",
      "building": "JMP",
      "room": "2222"
    },
    {
      "id": "SG01",
      "instructors": [
        "Anubhav Datta"
      ],
      "seats": 5,
      "open-seats": 5,
      "waitlist": 0,
      "days": "TuTh",
      "start": "9:30am",
      "end": "10:45am",
      "building": "TBA",
      "room": ""
    },
    {
      "id": "SM01",
      "instructors": [
        "Anubhav Datta"
      ],
      "seats": 5,
      "open-seats": 4,
      "waitlist": 0,
      "days": "TuTh",
      "start": "9:30am",
      "end": "10:45am",
      "building": "TBA",
      "room": ""
    },
    {
      "id": "TV01",
      "instructors": [
        "Anubhav Datta"
      ],
      "seats": 5,
      "open-seats": 4,
      "waitlist": 0,
      "days": "TuTh",
      "start": "9:30am",
      "end": "10:45am",
      "building": "TBA",
      "room": ""
    }
  ],
  "term": "202001",
  "department": "Engineering, Aerospace",
  "updated": "2020-08-03T19:19:34.160796Z"
}