{
  "id": "ENAE646",
  "title": "Advanced Dynamics of Aerospace Systems",
  "credits": "3",
  "description": "Prerequisite: ENAE301.\nCredit only granted for: ENAE788G or ENAE646.\nFormerly: ENAE788G.",
  "grading-method": [
    "Reg",
    "Aud",
    "S-F"
  ],
  "sections": [
    {
      "id": "0101",
      "instructors": [
        "Olivier Bauchau"
      ],
      "seats": 18,
      "open-seats": 12,
      "waitlist": 0,
      "days": "TuTh",
      "start": "11:00am",
      "end": "12:15pm",
      "building": "AJC",
      "room": "2121"
    }
  ],
  "term": "202001",
  "department": "Engineering, Aerospace",
  "updated": "2020-08-03T19:19:36.521756Z"
}