{
  "id": "ENAE676",
  "title": "Turbulence",
  "credits": "3",
  "description": "Prerequisite: ENAE673.\nRecommended: ENAE674.",
  "grading-method": [
    "Reg",
    "Aud",
    "S-F"
  ],
  "sections": [
    {
      "id": "0101",
      "instructors": [
        "Pino Martin"
      ],
      "seats": 20,
      "open-seats": 17,
      "waitlist": 0,
      "days": "TuTh",
      "start": "9:30am",
      "end": "10:45am",
      "building": "EGR",
      "room": "0135"
    }
  ],
  "term": "202001",
  "department": "Engineering, Aerospace",
  "updated": "2020-08-03T19:19:42.282083Z"
}