{
  "id": "ENAE471",
  "title": "Aircraft Flight Testing",
  "credits": "3",
  "description": "Prerequisite: ENAE414.\nCorequisite: ENAE403.\nRestriction: Must be in Engineering: Aerospace program.",
  "grading-method": [
    "Reg",
    "P-F"
  ],
  "sections": [
    {
      "id": "0101",
      "instructors": [
        "John Tritschler"
      ],
      "seats": 16,
      "open-seats": 2,
      "waitlist": 0,
      "days": "Th",
      "start": "4:00pm",
      "end": "6:30pm",
      "building": "JMP",
      "room": "2216"
    },
    {
      "id": "SG01",
      "instructors": [
        "John Tritschler"
      ],
      "seats": 5,
      "open-seats": 5,
      "waitlist": 0,
      "days": "Th",
      "start": "4:00pm",
      "end": "6:30pm",
      "building": "TBA",
      "room": ""
    },
    {
      "id": "SM01",
      "instructors": [
        "John Tritschler"
      ],
      "seats": 5,
      "open-seats": 0,
      "waitlist": 0,
      "days": "Th",
      "start": "4:00pm",
      "end": "6:30pm",
      "building": "TBA",
      "room": ""
    },
    {
      "id": "TV01",
      "instructors": [
        "John Tritschler"
      ],
      "seats": 5,
      "open-seats": 5,
      "waitlist": 0,
      "days": "Th",
      "start": "4:00pm",
      "end": "6:30pm",
      "building": "TBA",
      "room": ""
    }
  ],
  "term": "202001",
  "department": "Engineering, Aerospace",
  "updated": "2020-08-03T19:19:24.850060Z"
}