{
  "id": "ENAE674",
  "title": "Aerodynamics of Compressible Fluids",
  "credits": "3",
  "description": "Restriction: Permission of ENGR-Aerospace Engineering department.",
  "grading-method": [
    "Reg",
    "Aud",
    "S-F"
  ],
  "sections": [
    {
      "id": "0101",
      "instructors": [
        "Christopher Cadou"
      ],
      "seats": 25,
      "open-seats": 19,
      "waitlist": 0,
      "days": "TuTh",
      "start": "12:30pm",
      "end": "1:45pm",
      "building": "EGR",
      "room": "3102"
    }
  ],
  "term": "202001",
  "department": "Engineering, Aerospace",
  "updated": "2020-08-03T19:19:41.138473Z"
}