{
  "id": "ENAE202",
  "title": "Computing Fundamentals for Engineers",
  "credits": "3",
  "description": "Corequisite: Must be concurrently enrolled in MATH141.\nRestriction: Permission of ENGR-Aerospace Engineering department.\nCredit only granted for: ENAE202 or ENME202.",
  "grading-method": [
    "Reg",
    "P-F"
  ],
  "sections": [
    {
      "id": "0101",
      "instructors": [
        "Robert Sanner"
      ],
      "seats": 23,
      "open-seats": 1,
      "waitlist": 0,
      "days": "MW",
      "start": "1:00pm",
      "end": "1:50pm",
      "building": "EGR",
      "room": "1202"
    },
    {
      "id": "0102",
      "instructors": [
        "Robert Sanner"
      ],
      "seats": 23,
      "open-seats": 12,
      "waitlist": 0,
      "days": "MW",
      "start": "1:00pm",
      "end": "1:50pm",
      "building": "EGR",
      "room": "1202"
    },
    {
      "id": "0103",
      "instructors": [
        "Robert Sanner"
      ],
      "seats": 23,
      "open-seats": 0,
      "waitlist": 0,
      "days": "MW",
      "start": "1:00pm",
      "end": "1:50pm",
      "building": "EGR",
      "room": "1202"
    },
    {
      "id": "0104",
      "instructors": [
        "Robert Sanner"
      ],
      "seats": 23,
      "open-seats": 0,
      "waitlist": 0,
      "days": "MW",
      "start": "1:00pm",
      "end": "1:50pm",
      "building": "EGR",
      "room": "1202"
    },
    {
      "id": "0105",
      "instructors": [
        "Robert Sanner"
      ],
      "seats": 23,
      "open-seats": 7,
      "waitlist": 0,
      "days": "MW",
      "start": "1:00pm",
      "end": "1:50pm",
      "building": "EGR",
      "room": "1202"
    },
    {
      "id": "0106",
      "instructors": [
        "Robert Sanner"
      ],
      "seats": 23,
      "open-seats": 5,
      "waitlist": 0,
      "days": "MW",
      "start": "1:00pm",
      "end": "1:50pm",
      "building": "EGR",
      "room": "1202"
    }
  ],
  "term": "202001",
  "department": "Engineering, Aerospace",
  "updated": "2020-08-03T19:19:14.068588Z"
}