{
  "id": "ENAE414",
  "title": "Aerodynamics II",
  "credits": "3",
  "description": "Prerequisite: ENAE311.\nRestriction: Must be in Engineering: Aerospace program; or permission of ENGR-Aerospace Engineering department. And junior standing or higher.",
  "grading-method": [
    "Reg",
    "P-F",
    "Aud"
  ],
  "sections": [
    {
      "id": "0101",
      "instructors": [
        "Anya Jones"
      ],
      "seats": 90,
      "open-seats": 6,
      "waitlist": 0,
      "days": "TuTh",
      "start": "9:30am",
      "end": "10:45am",
      "building": "CHE",
      "room": "2108"
    }
  ],
  "term": "202001",
  "department": "Engineering, Aerospace",
  "updated": "2020-08-03T19:19:18.870696Z"
}