{
  "id": "ENAE791",
  "title": "Launch and Entry Vehicle Design",
  "credits": "3",
  "description": "Prerequisite: ENAE601.",
  "grading-method": [
    "Reg",
    "Aud",
    "S-F"
  ],
  "sections": [
    {
      "id": "0101",
      "instructors": [
        "David Akin"
      ],
      "seats": 20,
      "open-seats": 4,
      "waitlist": 0,
      "days": "TuTh",
      "start": "3:30pm",
      "end": "4:45pm",
      "building": "CHE",
      "room": "2116"
    }
  ],
  "term": "202001",
  "department": "Engineering, Aerospace",
  "updated": "2020-08-03T19:19:51.591231Z"
}