{
  "id": "ENAE200",
  "title": "Aerospace Engineering Profession II",
  "credits": "1",
  "description": "Recommended: ENAE100.\nRestriction: Must be in Engineering: Aerospace program; or permission of ENGR-Aerospace Engineering department.",
  "grading-method": [
    "Reg",
    "P-F",
    "Aud"
  ],
  "sections": [
    {
      "id": "0101",
      "instructors": [
        "Norman Wereley",
        "Kevin Lewy"
      ],
      "seats": 25,
      "open-seats": 0,
      "waitlist": 0,
      "days": "Tu",
      "start": "2:00pm",
      "end": "3:15pm",
      "building": "EGR",
      "room": "1202"
    },
    {
      "id": "0102",
      "instructors": [
        "Kevin Lewy",
        "Norman Wereley"
      ],
      "seats": 35,
      "open-seats": 1,
      "waitlist": 0,
      "days": "Tu",
      "start": "2:00pm",
      "end": "3:15pm",
      "building": "EGR",
      "room": "1202"
    },
    {
      "id": "0103",
      "instructors": [
        "Kevin Lewy",
        "Norman Wereley"
      ],
      "seats": 25,
      "open-seats": 0,
      "waitlist": 0,
      "days": "Tu",
      "start": "2:00pm",
      "end": "3:15pm",
      "building": "EGR",
      "room": "1202"
    },
    {
      "id": "0105",
      "instructors": [
        "Kevin Lewy",
        "Norman Wereley"
      ],
      "seats": 34,
      "open-seats": 24,
      "waitlist": 0,
      "days": "Tu",
      "start": "2:00pm",
      "end": "3:15pm",
      "building": "EGR",
      "room": "1202"
    }
  ],
  "term": "202001",
  "department": "Engineering, Aerospace",
  "updated": "2020-08-03T19:19:12.818305Z"
}