{
  "id": "ENAE788E",
  "title": "Selected Topics in Aerospace Engineering; Electro-Mechanical System Modeling",
  "credits": "3",
  "description": "Prereq: ENAE423 or equivalent.\n\nAnalysis techniques for simulating resonances and impedances in systems that couple physical interactions electrical, mechanical, magnetic and piezoelectric domains. Analysis applied to modeling the electro-magneto-mechano-acoustic domain interactions in traditional loud speaker designs, and can be extended to design of sensors, energy harvesters and actuators.",
  "grading-method": [
    "Reg",
    "Aud"
  ],
  "sections": [],
  "term": "202001",
  "department": "Engineering, Aerospace",
  "updated": "2019-10-16T23:16:24.212048Z"
}