{
  "id": "ENAE488E",
  "title": "Topics in Aerospace Engineering; Electro-Mechanical System Modeling",
  "credits": "3",
  "description": "Prerequisite: ENAE423 or equivalent Credit only granted for ENAE488E or ENAE788E\n\nAnalysis techniques for simulating resonances and impedances in systems that couple physical interactions electrical, mechanical, magnetic and piezoelectric domains. Analysis applied to modeling the electro-magneto-mechano-acoustic domain interactions in traditional loud speaker designs, and can be extended to design of sensors, energy harvesters and actuators.",
  "grading-method": [
    "Reg",
    "P-F"
  ],
  "sections": [
    {
      "id": "0101",
      "instructors": [
        "Alison Flatau"
      ],
      "seats": 10,
      "open-seats": 2,
      "waitlist": 0,
      "days": "TuTh",
      "start": "11:00am",
      "end": "12:15pm",
      "building": "EGR",
      "room": "1102"
    }
  ],
  "term": "202001",
  "department": "Engineering, Aerospace",
  "updated": "2020-08-03T19:19:29.599188Z"
}