{
  "id": "CHPH709B",
  "title": "Seminar in Chemical Physics; Statistical Physics",
  "credits": "1",
  "description": "Cross-listed with PHYS709. Credit granted for PHYS709 or CHPH709B.",
  "grading-method": [
    "Reg",
    "Aud",
    "S-F"
  ],
  "sections": [
    {
      "id": "0101",
      "instructors": [
        "Christopher Jarzynski"
      ],
      "seats": 30,
      "open-seats": 26,
      "waitlist": 0,
      "days": "Tu",
      "start": "1:15pm",
      "end": "2:30pm",
      "building": "IPT",
      "room": "1116"
    }
  ],
  "term": "202001",
  "department": "Chemical Physics",
  "updated": "2020-08-03T19:07:10.430776Z"
}