{
  "id": "CHPH718E",
  "title": "Special Topics in Chemical Physics; Mesoscopic and Nanoscale Thermodynamics",
  "credits": "1",
  "description": "",
  "grading-method": [
    "Reg",
    "Aud",
    "S-F"
  ],
  "sections": [
    {
      "id": "0101",
      "instructors": [
        "Mikhail Anisimov"
      ],
      "seats": 5,
      "open-seats": 0,
      "waitlist": 0,
      "days": "TuTh",
      "start": "12:30pm",
      "end": "1:45pm",
      "building": "EGR",
      "room": "1104"
    }
  ],
  "term": "202001",
  "department": "Chemical Physics",
  "updated": "2020-08-03T19:07:12.723261Z"
}