{
  "id": "CHPH709L",
  "title": "Seminar in Chemical Physics; Biophysics",
  "credits": "1",
  "description": "Cross-listed with PHYS798L. Credit granted for PHYS798L or CHPH709L.",
  "grading-method": [
    "Reg",
    "Aud",
    "S-F"
  ],
  "sections": [
    {
      "id": "0101",
      "instructors": [
        "Arpita Upadhyaya"
      ],
      "seats": 20,
      "open-seats": 17,
      "waitlist": 0,
      "days": "M",
      "start": "4:00pm",
      "end": "5:30pm",
      "building": "CHM",
      "room": "0112"
    }
  ],
  "term": "202001",
  "department": "Chemical Physics",
  "updated": "2020-08-03T19:07:11.576805Z"
}