{
  "id": "CHPH718I",
  "title": "Special Topics in Chemical Physics; Chemical Physics Rotation",
  "credits": "1",
  "description": "",
  "grading-method": [
    "Reg",
    "Aud",
    "S-F"
  ],
  "sections": [
    {
      "id": "0201",
      "instructors": [
        "Christopher Jarzynski"
      ],
      "seats": 10,
      "open-seats": 4,
      "waitlist": 0,
      "days": "",
      "start": "",
      "end": "",
      "building": "",
      "room": ""
    }
  ],
  "term": "202001",
  "department": "Chemical Physics",
  "updated": "2020-08-03T19:07:15.043676Z"
}