{
  "id": "CHPH703",
  "title": "Introduction to Nonequilibrium Statistical Physics",
  "credits": "3",
  "description": "Prerequisite: PHYS603 or CHEM687; or permission of instructor.\nCredit only granted for: CHPH703, CHPH718B, CHEM703, CHEM718B, PHYS703, or PHYS798Z.\nFormerly: CHPH718B.",
  "grading-method": [
    "Reg",
    "Aud",
    "S-F"
  ],
  "sections": [
    {
      "id": "0101",
      "instructors": [
        "Christopher Jarzynski"
      ],
      "seats": 40,
      "open-seats": 0,
      "waitlist": 0,
      "days": "TuTh",
      "start": "11:00am",
      "end": "12:15pm",
      "building": "CHM",
      "room": "2201"
    }
  ],
  "term": "202001",
  "department": "Chemical Physics",
  "updated": "2020-08-03T19:07:08.119429Z"
}