{
  "id": "CHPH718F",
  "title": "Special Topics in Chemical Physics; Methods of Statistical Physics",
  "credits": "3",
  "description": "Prerequisite: PHYS414 or equivalent. Credit granted for PHYS602 or PHYS603. Foundations and applications of thermodynamics and statisticalmechanics. Advanced special students require department authorization. Jointly offered with PHYS603.",
  "grading-method": [
    "Reg",
    "Aud",
    "S-F"
  ],
  "sections": [
    {
      "id": "0101",
      "instructors": [
        "Brian Swingle"
      ],
      "seats": 49,
      "open-seats": 28,
      "waitlist": 0,
      "days": "TuTh",
      "start": "9:30am",
      "end": "10:45am",
      "building": "PHY",
      "room": "1402"
    }
  ],
  "term": "202001",
  "department": "Chemical Physics",
  "updated": "2020-08-03T19:07:13.873309Z"
}