{
  "id": "CHPH709A",
  "title": "Seminar in Chemical Physics; Physical Chemistry",
  "credits": "1",
  "description": "Jointly offered with CHEM 889E and CHEM 889F. Credit granted for CHPH709 A, CHEM889E, or CHEM889F.",
  "grading-method": [
    "Reg",
    "Aud",
    "S-F"
  ],
  "sections": [
    {
      "id": "0101",
      "instructors": [
        "Pratyush Tiwary"
      ],
      "seats": 15,
      "open-seats": 9,
      "waitlist": 0,
      "days": "W",
      "start": "11:00am",
      "end": "11:50am",
      "building": "CHM",
      "room": "0112"
    }
  ],
  "term": "202001",
  "department": "Chemical Physics",
  "updated": "2020-08-03T19:07:09.275698Z"
}