{
  "id": "BULM758C",
  "title": "Special Topics in Logistics, Business and Public Policy; Assessing & Managing Supply Chain Risks",
  "credits": "2",
  "description": "",
  "grading-method": [
    "Reg",
    "S-F"
  ],
  "sections": [
    {
      "id": "0501",
      "instructors": [
        "Sandor Boyson"
      ],
      "seats": 0,
      "open-seats": 0,
      "waitlist": 0,
      "days": "MW",
      "start": "4:00pm",
      "end": "5:50pm",
      "building": "VMH",
      "room": "1528"
    }
  ],
  "term": "202001",
  "department": "Logistics, Business, and Public Policy",
  "updated": "2020-08-03T19:01:30.104167Z"
}