{
  "id": "BULM731",
  "title": "Technology Applications in Supply Chain Management",
  "credits": "2",
  "description": "Restriction: Must be in Business and Management (Master's) program; or permission of BMGT-Robert H. Smith School of Business.",
  "grading-method": [
    "Reg",
    "S-F"
  ],
  "sections": [
    {
      "id": "0501",
      "instructors": [
        "Hongyi Zhang"
      ],
      "seats": 18,
      "open-seats": 0,
      "waitlist": 0,
      "days": "TuTh",
      "start": "10:00am",
      "end": "11:50am",
      "building": "VMH",
      "room": "3522"
    },
    {
      "id": "0502",
      "instructors": [
        "Hongyi Zhang"
      ],
      "seats": 21,
      "open-seats": 4,
      "waitlist": 0,
      "days": "TuTh",
      "start": "12:00pm",
      "end": "1:50pm",
      "building": "VMH",
      "room": "3522"
    }
  ],
  "term": "202001",
  "department": "Logistics, Business, and Public Policy",
  "updated": "2020-08-03T19:01:26.631857Z"
}