{
  "id": "BULM754",
  "title": "Global Transportation Management",
  "credits": "2",
  "description": "Restriction: Must be in Business and Management (Master's) program; or permission of BMGT-Robert H. Smith School of Business.\nCredit only granted for: BULM758T or BULM754.\nFormerly: BULM758T.",
  "grading-method": [
    "Reg",
    "S-F"
  ],
  "sections": [
    {
      "id": "0501",
      "instructors": [
        "Philip Evers"
      ],
      "seats": 0,
      "open-seats": 0,
      "waitlist": 0,
      "days": "TuTh",
      "start": "8:00am",
      "end": "9:50am",
      "building": "VMH",
      "room": "1505"
    }
  ],
  "term": "202001",
  "department": "Logistics, Business, and Public Policy",
  "updated": "2020-08-03T19:01:28.954545Z"
}