{
  "id": "BULM724",
  "title": "Negotiations in Supply Chain Management",
  "credits": "2",
  "description": "Restriction: Must be in one of the following programs (Business and Management (Master's); Business and Management (Master's)).",
  "grading-method": [
    "Reg",
    "S-F"
  ],
  "sections": [
    {
      "id": "0501",
      "instructors": [
        "Gosia Langa Basit"
      ],
      "seats": 0,
      "open-seats": 0,
      "waitlist": 0,
      "days": "MW",
      "start": "12:00pm",
      "end": "1:50pm",
      "building": "VMH",
      "room": "1511"
    }
  ],
  "term": "202001",
  "department": "Logistics, Business, and Public Policy",
  "updated": "2020-08-03T19:01:25.474228Z"
}