{
  "id": "BULM735",
  "title": "Project Management in Dynamic Environments",
  "credits": "2",
  "description": "Restriction: Must be in Business and Management (Master's) program; or permission of BMGT-Robert H. Smith School of Business.",
  "grading-method": [
    "Reg",
    "S-F"
  ],
  "sections": [
    {
      "id": "0501",
      "instructors": [
        "Paul Shapiro"
      ],
      "seats": 0,
      "open-seats": 0,
      "waitlist": 0,
      "days": "MW",
      "start": "10:00am",
      "end": "11:50am",
      "building": "VMH",
      "room": "1505"
    }
  ],
  "term": "202001",
  "department": "Logistics, Business, and Public Policy",
  "updated": "2020-08-03T19:01:27.797655Z"
}