{
  "id": "BUDT758Z",
  "title": "Special Topics in Decision, Operations and Information Technologies; Computer Simulation for Business Applications",
  "credits": "2",
  "description": "",
  "grading-method": [
    "Reg",
    "S-F"
  ],
  "sections": [
    {
      "id": "0501",
      "instructors": [
        "Melanie De Grano"
      ],
      "seats": 0,
      "open-seats": 0,
      "waitlist": 0,
      "days": "TuTh",
      "start": "2:00pm",
      "end": "3:50pm",
      "building": "VMH",
      "room": "1511"
    }
  ],
  "term": "202001",
  "department": "Decision and Information Technologies",
  "updated": "2020-08-03T19:01:05.026923Z"
}