{
  "id": "BUDT758C",
  "title": "Special Topics in Decision, Operations and Information Technologies; Project Management in Dynamic Environments",
  "credits": "2",
  "description": "",
  "grading-method": [
    "Reg",
    "S-F"
  ],
  "sections": [
    {
      "id": "0501",
      "instructors": [
        "Paul Shapiro"
      ],
      "seats": 0,
      "open-seats": 0,
      "waitlist": 0,
      "days": "MW",
      "start": "2:00pm",
      "end": "3:50pm",
      "building": "VMH",
      "room": "1528"
    },
    {
      "id": "0502",
      "instructors": [
        "Paul Shapiro"
      ],
      "seats": 0,
      "open-seats": 0,
      "waitlist": 0,
      "days": "MW",
      "start": "4:00pm",
      "end": "5:50pm",
      "building": "VMH",
      "room": "1528"
    }
  ],
  "term": "202001",
  "department": "Decision and Information Technologies",
  "updated": "2020-08-03T19:00:56.802523Z"
}