{
  "id": "BUDT758F",
  "title": "Special Topics in Decision, Operations and Information Technologies; Google Online Challenge and Analytics",
  "credits": "3",
  "description": "For MS in Information Systems students only.",
  "grading-method": [
    "Reg",
    "S-F"
  ],
  "sections": [
    {
      "id": "0501",
      "instructors": [
        "John Bono"
      ],
      "seats": 36,
      "open-seats": 1,
      "waitlist": 0,
      "days": "MW",
      "start": "8:00am",
      "end": "9:15am",
      "building": "VMH",
      "room": "1333"
    },
    {
      "id": "0502",
      "instructors": [
        "John Bono"
      ],
      "seats": 36,
      "open-seats": 2,
      "waitlist": 0,
      "days": "MW",
      "start": "9:30am",
      "end": "10:45am",
      "building": "VMH",
      "room": "1333"
    }
  ],
  "term": "202001",
  "department": "Decision and Information Technologies",
  "updated": "2020-08-03T19:00:57.969884Z"
}