{
  "id": "BUDT758X",
  "title": "Special Topics in Decision, Operations and Information Technologies; Data Processing and Analysis in Python",
  "credits": "3",
  "description": "For MS in Business Analytics students only.",
  "grading-method": [
    "Reg",
    "S-F"
  ],
  "sections": [
    {
      "id": "0501",
      "instructors": [
        "John Bono"
      ],
      "seats": 0,
      "open-seats": 0,
      "waitlist": 0,
      "days": "TuTh",
      "start": "3:30pm",
      "end": "4:45pm",
      "building": "VMH",
      "room": "1333"
    },
    {
      "id": "0502",
      "instructors": [
        "John Bono"
      ],
      "seats": 0,
      "open-seats": 0,
      "waitlist": 0,
      "days": "TuTh",
      "start": "5:00pm",
      "end": "6:15pm",
      "building": "VMH",
      "room": "1333"
    }
  ],
  "term": "202001",
  "department": "Decision and Information Technologies",
  "updated": "2020-08-03T19:01:03.859491Z"
}