{
  "id": "BUDT758B",
  "title": "Special Topics in Decision, Operations and Information Technologies; Big Data and Artificial Intelligence for Business",
  "credits": "3",
  "description": "For MS in Business Analytics students only.",
  "grading-method": [
    "Reg",
    "S-F"
  ],
  "sections": [
    {
      "id": "0501",
      "instructors": [
        "Cupid Chan"
      ],
      "seats": 0,
      "open-seats": 0,
      "waitlist": 0,
      "days": "MW",
      "start": "12:30pm",
      "end": "1:45pm",
      "building": "VMH",
      "room": "1333"
    },
    {
      "id": "0502",
      "instructors": [
        "Cupid Chan"
      ],
      "seats": 0,
      "open-seats": 0,
      "waitlist": 0,
      "days": "MW",
      "start": "11:00am",
      "end": "12:15pm",
      "building": "VMH",
      "room": "1333"
    }
  ],
  "term": "202001",
  "department": "Decision and Information Technologies",
  "updated": "2020-08-03T19:00:55.609420Z"
}