{
  "id": "BUDT758K",
  "title": "Special Topics in Decision, Operations and Information Technologies; Computer Simulation for Business Applications",
  "credits": "3",
  "description": "For MS in Information Systems students only.",
  "grading-method": [
    "Reg",
    "S-F"
  ],
  "sections": [
    {
      "id": "0501",
      "instructors": [
        "Sujin Kim"
      ],
      "seats": 50,
      "open-seats": 3,
      "waitlist": 0,
      "days": "TuTh",
      "start": "11:00am",
      "end": "12:15pm",
      "building": "VMH",
      "room": "1333"
    }
  ],
  "term": "202001",
  "department": "Decision and Information Technologies",
  "updated": "2020-08-03T19:00:59.145270Z"
}