{
  "id": "BUDT758T",
  "title": "Special Topics in Decision, Operations and Information Technologies; Data Mining and Predictive Analytics",
  "credits": "3",
  "description": "For MS in Business Analytics studnts only.",
  "grading-method": [
    "Reg",
    "S-F"
  ],
  "sections": [
    {
      "id": "0502",
      "instructors": [
        "Gorkem Ozer"
      ],
      "seats": 56,
      "open-seats": 0,
      "waitlist": 0,
      "days": "TuTh",
      "start": "9:30am",
      "end": "10:45am",
      "building": "VMH",
      "room": "1333"
    },
    {
      "id": "0503",
      "instructors": [
        "Jessica Clark"
      ],
      "seats": 0,
      "open-seats": 0,
      "waitlist": 0,
      "days": "MW",
      "start": "3:30pm",
      "end": "4:45pm",
      "building": "VMH",
      "room": "1333"
    },
    {
      "id": "0504",
      "instructors": [
        "Jessica Clark"
      ],
      "seats": 0,
      "open-seats": 0,
      "waitlist": 0,
      "days": "MW",
      "start": "5:00pm",
      "end": "6:15pm",
      "building": "VMH",
      "room": "1333"
    },
    {
      "id": "0505",
      "instructors": [
        "Gorkem Ozer"
      ],
      "seats": 56,
      "open-seats": 0,
      "waitlist": 0,
      "days": "TuTh",
      "start": "2:00pm",
      "end": "3:15pm",
      "building": "VMH",
      "room": "1333"
    }
  ],
  "term": "202001",
  "department": "Decision and Information Technologies",
  "updated": "2020-08-03T19:01:01.490287Z"
}