{
  "id": "BUDT758V",
  "title": "Special Topics in Decision, Operations and Information Technologies; Operations Analytics",
  "credits": "2",
  "description": "For MS in Business Analytics students only.",
  "grading-method": [
    "Reg",
    "S-F"
  ],
  "sections": [
    {
      "id": "0501",
      "instructors": [
        "Zhi-Long Chen"
      ],
      "seats": 0,
      "open-seats": 0,
      "waitlist": 0,
      "days": "TuTh",
      "start": "12:00pm",
      "end": "1:50pm",
      "building": "VMH",
      "room": "1511"
    }
  ],
  "term": "202001",
  "department": "Decision and Information Technologies",
  "updated": "2020-08-03T19:01:02.705353Z"
}