{
  "id": "BUDT758N",
  "title": "Special Topics in Decision, Operations and Information Technologies; Business Process Analysis for Information Systems",
  "credits": "3",
  "description": "For MS in Information Systems students only.",
  "grading-method": [
    "Reg",
    "S-F"
  ],
  "sections": [
    {
      "id": "0501",
      "instructors": [
        "Sindhu Rajan"
      ],
      "seats": 0,
      "open-seats": 0,
      "waitlist": 0,
      "days": "MW",
      "start": "5:00pm",
      "end": "6:15pm",
      "building": "VMH",
      "room": "1330"
    },
    {
      "id": "0502",
      "instructors": [
        "Sindhu Rajan"
      ],
      "seats": 0,
      "open-seats": 0,
      "waitlist": 0,
      "days": "MW",
      "start": "6:30pm",
      "end": "7:45pm",
      "building": "VMH",
      "room": "1330"
    }
  ],
  "term": "202001",
  "department": "Decision and Information Technologies",
  "updated": "2020-08-03T19:01:00.298025Z"
}