{
  "id": "ANSC103",
  "title": "Principles of Animal Science Laboratory",
  "credits": "1",
  "description": "Prerequisite: Must have completed or be concurrently enrolled in ANSC101.\nRestriction: Must be in one of the following programs (Environmental Sci & Pol-Environment & Agriculture; Agricultural and Veterinary Medicine; Agricultural Science and Technology) ; or must be in a major within the AGNR-Animal & Avian Sciences department; or permission of department required for students in other College of AGNR programs.",
  "grading-method": [
    "Reg",
    "P-F"
  ],
  "sections": [
    {
      "id": "0101",
      "instructors": [
        "Genevieve Pelletier",
        "Megan McLean"
      ],
      "seats": 20,
      "open-seats": 0,
      "waitlist": 0,
      "days": "M",
      "start": "10:00am",
      "end": "11:50am",
      "building": "ANS",
      "room": "0108"
    }
  ],
  "term": "202001",
  "department": "Animal Science",
  "updated": "2020-08-03T18:46:49.672245Z"
}