{
  "id": "ANSC698C",
  "title": "Seminar; Recent Advances in Animal and Avian Sciences",
  "credits": "1",
  "description": "",
  "grading-method": [
    "Reg",
    "Aud",
    "S-F"
  ],
  "sections": [
    {
      "id": "0101",
      "instructors": [
        "Richard Kohn"
      ],
      "seats": 30,
      "open-seats": 28,
      "waitlist": 0,
      "days": "Tu",
      "start": "3:30pm",
      "end": "5:30pm",
      "building": "ANS",
      "room": "0408"
    }
  ],
  "term": "202001",
  "department": "Animal Science",
  "updated": "2020-08-03T18:47:30.273605Z"
}