{
  "id": "ANSC436",
  "title": "Animal Health Policy and Communication",
  "credits": "3",
  "description": "Recommended: Completion of ANSC225 and ANSC340 recommend.\nRestriction: Must be in a major within the AGNR-Animal & Avian Sciences department; or permission of AGNR-VA-MD Regional COL Veterinary Med.\nCredit only granted for: ANSC489A or ANSC436.\nFormerly: ANSC489A.",
  "grading-method": [
    "Reg",
    "P-F"
  ],
  "sections": [
    {
      "id": "0101",
      "instructors": [
        "Nathaniel Tablante"
      ],
      "seats": 10,
      "open-seats": 0,
      "waitlist": 0,
      "days": "TuTh",
      "start": "9:30am",
      "end": "10:45am",
      "building": "ANS",
      "room": "0402"
    }
  ],
  "term": "202001",
  "department": "Animal Science",
  "updated": "2020-08-03T18:47:14.138817Z"
}