{
  "id": "ANSC212",
  "title": "Applied Animal Physiology",
  "credits": "3",
  "description": "Prerequisite: ANSC211; or (ANSC204 and ANSC205); or students who have taken courses with comparable content may contact the department.",
  "grading-method": [
    "Reg",
    "P-F",
    "Aud"
  ],
  "sections": [
    {
      "id": "0101",
      "instructors": [
        "Monica VanKlompenberg"
      ],
      "seats": 96,
      "open-seats": 0,
      "waitlist": 0,
      "days": "MWF",
      "start": "1:00pm",
      "end": "1:50pm",
      "building": "IRB",
      "room": "1116"
    }
  ],
  "term": "202001",
  "department": "Animal Science",
  "updated": "2020-08-03T18:46:54.270848Z"
}