{
  "id": "ANSC262",
  "title": "Commercial Poultry Management",
  "credits": "3",
  "description": "Prerequisite: ANSC101 and ANSC103.",
  "grading-method": [
    "Reg",
    "P-F"
  ],
  "sections": [
    {
      "id": "0101",
      "instructors": [
        "Shawna Weimer"
      ],
      "seats": 20,
      "open-seats": 0,
      "waitlist": 0,
      "days": "MW",
      "start": "11:00am",
      "end": "11:50am",
      "building": "ANS",
      "room": "0402"
    }
  ],
  "term": "202001",
  "department": "Animal Science",
  "updated": "2020-08-03T18:47:01.376815Z"
}