{
  "id": "ANSC617",
  "title": "Quantative Techniques in Physiology and Nutrition",
  "credits": "3",
  "description": "Prerequisite: MATH120; or permission of AGNR-Animal & Avian Sciences department.",
  "grading-method": [
    "Reg",
    "Aud",
    "S-F"
  ],
  "sections": [
    {
      "id": "0101",
      "instructors": [
        "Richard Kohn"
      ],
      "seats": 20,
      "open-seats": 15,
      "waitlist": 0,
      "days": "W",
      "start": "10:00am",
      "end": "1:00pm",
      "building": "ANS",
      "room": "1408"
    }
  ],
  "term": "202001",
  "department": "Animal Science",
  "updated": "2020-08-03T18:47:22.175558Z"
}