{
  "id": "ANSC688O",
  "title": "Special Topics; Nutritional Aspects of Metabolic Disease",
  "credits": "3",
  "description": "Prequisite: CHEM131 and ANSC101, BSCI105; or equivalent.\n\nBiochemical and physiological fundamentals of nutrition. Discussion of protein, fat, carbohydrate, energy, minerals, and vitamins and their roles and interrelationships in nutrition, metabolism, and diseases in humans and animals. The course will use recommended texts for foundation.",
  "grading-method": [
    "Reg",
    "Aud",
    "S-F"
  ],
  "sections": [
    {
      "id": "0101",
      "instructors": [
        "Byung-Eun Kim"
      ],
      "seats": 10,
      "open-seats": 3,
      "waitlist": 0,
      "days": "TuTh",
      "start": "11:00am",
      "end": "12:15pm",
      "building": "ANS",
      "room": "0402"
    }
  ],
  "term": "202001",
  "department": "Animal Science",
  "updated": "2020-08-03T18:47:27.969241Z"
}