{
  "id": "ANSC688W",
  "title": "Special Topics; Advanced Animal Welfare",
  "credits": "1",
  "description": "",
  "grading-method": [
    "Reg",
    "Aud",
    "S-F"
  ],
  "sections": [
    {
      "id": "0101",
      "instructors": [
        "R Apter"
      ],
      "seats": 5,
      "open-seats": 3,
      "waitlist": 0,
      "days": "TuTh",
      "start": "4:00pm",
      "end": "5:15pm",
      "building": "ANS",
      "room": "0412"
    }
  ],
  "term": "202001",
  "department": "Animal Science",
  "updated": "2020-08-03T18:47:29.121369Z"
}