{
  "id": "ANSC214",
  "title": "Applied Animal Physiology Laboratory",
  "credits": "1",
  "description": "Prerequisite: Must have completed or be concurrently enrolled in ANSC212.",
  "grading-method": [
    "Reg",
    "P-F"
  ],
  "sections": [
    {
      "id": "0101",
      "instructors": [
        "Monica VanKlompenberg"
      ],
      "seats": 20,
      "open-seats": 1,
      "waitlist": 0,
      "days": "M",
      "start": "2:00pm",
      "end": "5:00pm",
      "building": "ANS",
      "room": "0108"
    },
    {
      "id": "0102",
      "instructors": [
        "Monica VanKlompenberg"
      ],
      "seats": 20,
      "open-seats": 1,
      "waitlist": 0,
      "days": "Tu",
      "start": "9:00am",
      "end": "11:50am",
      "building": "ANS",
      "room": "0108"
    },
    {
      "id": "0103",
      "instructors": [
        "Monica VanKlompenberg"
      ],
      "seats": 20,
      "open-seats": 1,
      "waitlist": 0,
      "days": "W",
      "start": "2:00pm",
      "end": "5:00pm",
      "building": "ANS",
      "room": "0108"
    },
    {
      "id": "0104",
      "instructors": [
        "Monica VanKlompenberg"
      ],
      "seats": 20,
      "open-seats": 1,
      "waitlist": 0,
      "days": "Th",
      "start": "9:00am",
      "end": "11:50am",
      "building": "ANS",
      "room": "0108"
    },
    {
      "id": "0105",
      "instructors": [
        "Monica VanKlompenberg"
      ],
      "seats": 20,
      "open-seats": 6,
      "waitlist": 0,
      "days": "F",
      "start": "2:00pm",
      "end": "5:00pm",
      "building": "ANS",
      "room": "0108"
    }
  ],
  "term": "202001",
  "department": "Animal Science",
  "updated": "2020-08-03T18:46:55.418516Z"
}