{
  "id": "ANSC443",
  "title": "Physiology of Lactation",
  "credits": "3",
  "description": "Prerequisite: CHEM231, ANSC212, and CHEM232.\nRecommended: BCHM463.",
  "grading-method": [
    "Reg",
    "P-F",
    "Aud"
  ],
  "sections": [
    {
      "id": "0101",
      "instructors": [
        "Monica VanKlompenberg"
      ],
      "seats": 20,
      "open-seats": 15,
      "waitlist": 0,
      "days": "MWF",
      "start": "9:00am",
      "end": "9:50am",
      "building": "ANS",
      "room": "0412"
    }
  ],
  "term": "202001",
  "department": "Animal Science",
  "updated": "2020-08-03T18:47:16.436830Z"
}