{
  "id": "ANSC330",
  "title": "Equine Science",
  "credits": "3",
  "description": "Prerequisite: ANSC232; or permission of instructor.\nRecommended: ANSC212 and ANSC211.\nCredit only granted for: ANSC230 or ANSC330.\nFormerly: ANSC230.",
  "grading-method": [
    "Reg",
    "P-F"
  ],
  "sections": [
    {
      "id": "0101",
      "instructors": [
        "Amy Burk"
      ],
      "seats": 24,
      "open-seats": 11,
      "waitlist": 0,
      "days": "MW",
      "start": "2:00pm",
      "end": "2:50pm",
      "building": "ANS",
      "room": "0412"
    }
  ],
  "term": "202001",
  "department": "Animal Science",
  "updated": "2020-08-03T18:47:06.082628Z"
}