{
  "id": "ANSC315",
  "title": "Applied Animal Nutrition",
  "credits": "3",
  "description": "Prerequisite: ANSC314.",
  "grading-method": [
    "Reg",
    "P-F",
    "Aud"
  ],
  "sections": [
    {
      "id": "0101",
      "instructors": [
        "Richard Kohn"
      ],
      "seats": 23,
      "open-seats": 6,
      "waitlist": 0,
      "days": "TuTh",
      "start": "12:30pm",
      "end": "1:45pm",
      "building": "ANS",
      "room": "0408"
    },
    {
      "id": "0102",
      "instructors": [
        "Richard Kohn"
      ],
      "seats": 23,
      "open-seats": 1,
      "waitlist": 0,
      "days": "TuTh",
      "start": "12:30pm",
      "end": "1:45pm",
      "building": "ANS",
      "room": "0408"
    },
    {
      "id": "0103",
      "instructors": [
        "Richard Kohn"
      ],
      "seats": 23,
      "open-seats": 1,
      "waitlist": 0,
      "days": "TuTh",
      "start": "12:30pm",
      "end": "1:45pm",
      "building": "ANS",
      "room": "0408"
    }
  ],
  "term": "202001",
  "department": "Animal Science",
  "updated": "2020-08-03T18:47:03.725259Z"
}