{
  "id": "ANSC379",
  "title": "Animal Science Undergraduate Teaching Assistant Seminar",
  "credits": "2",
  "description": "",
  "grading-method": [
    "Reg",
    "P-F"
  ],
  "sections": [
    {
      "id": "0101",
      "instructors": [
        "Sarah Balcom"
      ],
      "seats": 10,
      "open-seats": 2,
      "waitlist": 0,
      "days": "W",
      "start": "12:00pm",
      "end": "12:50pm",
      "building": "ANS",
      "room": "0467"
    }
  ],
  "term": "202001",
  "department": "Animal Science",
  "updated": "2020-08-03T18:47:08.402296Z"
}