{
  "id": "ANSC115",
  "title": "Careers in the Animal Sciences",
  "credits": "1",
  "description": "Prerequisite: ANSC101 and ANSC103.",
  "grading-method": [
    "Reg",
    "P-F",
    "Aud"
  ],
  "sections": [
    {
      "id": "0101",
      "instructors": [
        "Robert Peters"
      ],
      "seats": 30,
      "open-seats": 21,
      "waitlist": 0,
      "days": "M",
      "start": "3:00pm",
      "end": "3:50pm",
      "building": "ANS",
      "room": "0412"
    }
  ],
  "term": "202001",
  "department": "Animal Science",
  "updated": "2020-08-03T18:46:50.820032Z"
}