{
  "id": "ANSC453",
  "title": "Animal Welfare and Bioethics",
  "credits": "3",
  "description": "Prerequisite: ANSC101 and ANSC103; or BSCI106; or (BSCI160 and BSCI161); or permission of instructor.\nRestriction: Junior standing or higher.",
  "grading-method": [
    "Reg",
    "P-F",
    "Aud"
  ],
  "sections": [
    {
      "id": "0101",
      "instructors": [
        "R Apter"
      ],
      "seats": 44,
      "open-seats": 0,
      "waitlist": 0,
      "days": "TuTh",
      "start": "4:00pm",
      "end": "5:15pm",
      "building": "ANS",
      "room": "0412"
    }
  ],
  "term": "202001",
  "department": "Animal Science",
  "updated": "2020-08-03T18:47:18.743163Z"
}