{
  "id": "ANSC260",
  "title": "Laboratory Animal Management",
  "credits": "3",
  "description": "Prerequisite: ANSC101 and ANSC103.\nCredit only granted for: ANSC260 or ANSC413.\nFormerly: ANSC413.",
  "grading-method": [
    "Reg",
    "P-F"
  ],
  "sections": [
    {
      "id": "0101",
      "instructors": [
        "Angela Black"
      ],
      "seats": 20,
      "open-seats": 0,
      "waitlist": 0,
      "days": "MW",
      "start": "10:00am",
      "end": "10:50am",
      "building": "ANS",
      "room": "0412"
    }
  ],
  "term": "202001",
  "department": "Animal Science",
  "updated": "2020-08-03T18:47:00.222805Z"
}