{
  "id": "ANSC245",
  "title": "Sheep Management",
  "credits": "3",
  "description": "Prerequisite: Minimum grade of C- in ANSC101 and ANSC103.\nRestriction: Must be in one of the following programs (Animal Sciences: Animal Care & Management; Animal Sciences: Equine Studies; Animal Sciences: Laboratory Animal Care; Animal Sciences: Sciences/Preprofessional; Animal Sciences: Animal Biotechnology; Agricultural and Veterinary Medicine).\nCredit only granted for: ANSC235 or ANSC245.",
  "grading-method": [
    "Reg",
    "P-F"
  ],
  "sections": [
    {
      "id": "0101",
      "instructors": [
        "Sarah Balcom"
      ],
      "seats": 16,
      "open-seats": 0,
      "waitlist": 0,
      "days": "MW",
      "start": "3:00pm",
      "end": "3:50pm",
      "building": "ANS",
      "room": "0408"
    },
    {
      "id": "0102",
      "instructors": [
        "Sarah Balcom"
      ],
      "seats": 16,
      "open-seats": 1,
      "waitlist": 0,
      "days": "MW",
      "start": "3:00pm",
      "end": "3:50pm",
      "building": "ANS",
      "room": "0408"
    }
  ],
  "term": "202001",
  "department": "Animal Science",
  "updated": "2020-08-03T18:46:59.042805Z"
}