{
  "id": "ANSC440",
  "title": "Zoonotic Diseases and Control",
  "credits": "3",
  "description": "Prerequisite: BSCI223, ANSC212, ANSC327, BSCI222, BSCI421, or NFSC430; or students who have taken courses with comparable content may contact the department.\nCredit only granted for: ANSC440 or ANSC489R.\nFormerly: ANSC489R.",
  "grading-method": [
    "Reg",
    "P-F",
    "Aud"
  ],
  "sections": [
    {
      "id": "0101",
      "instructors": [
        "Debabrata Biswas"
      ],
      "seats": 34,
      "open-seats": 0,
      "waitlist": 0,
      "days": "TuTh",
      "start": "9:30am",
      "end": "10:45am",
      "building": "ANS",
      "room": "0412"
    }
  ],
  "term": "202001",
  "department": "Animal Science",
  "updated": "2020-08-03T18:47:15.286095Z"
}