{
  "id": "ANSC454",
  "title": "Nutritional Aspects of Metabolic Disease",
  "credits": "3",
  "description": "Prerequisite: CHEM131 and ANSC101, or BSCI170; or students who have taken courses with comparable content may contact the department.\nCredit only granted for: ANSC4890 or ANSC454.\nFormerly: ANSC489O.",
  "grading-method": [
    "Reg",
    "P-F",
    "Aud"
  ],
  "sections": [
    {
      "id": "0101",
      "instructors": [
        "Byung-Eun Kim"
      ],
      "seats": 10,
      "open-seats": 5,
      "waitlist": 0,
      "days": "TuTh",
      "start": "11:00am",
      "end": "12:15pm",
      "building": "ANS",
      "room": "0402"
    }
  ],
  "term": "202001",
  "department": "Animal Science",
  "updated": "2020-08-03T18:47:19.913304Z"
}