{
  "id": "ANSC210",
  "title": "Veterinary Terminology",
  "credits": "1",
  "description": "Prerequisite: ANSC204 and ANSC205.\nCredit only granted for: The course is offered on-line through a series of self-paced modules on ELMS..",
  "grading-method": [
    "Reg",
    "P-F",
    "Aud"
  ],
  "sections": [
    {
      "id": "0101",
      "instructors": [
        "Sarah Balcom"
      ],
      "seats": 80,
      "open-seats": 11,
      "waitlist": 0,
      "days": "",
      "start": "",
      "end": "",
      "building": "",
      "room": "ONLINE"
    }
  ],
  "term": "202001",
  "department": "Animal Science",
  "updated": "2020-08-03T18:46:53.122851Z"
}