{
  "id": "ANSC644",
  "title": "Molecular and Cellular Endocrinology",
  "credits": "3",
  "description": "Restriction: Must not have completed ANSC444.\nCredit only granted for: ANSC444,ANSC489I, ANSC644, or ANSC688I.\nFormerly: ANSC688I.",
  "grading-method": [
    "Reg",
    "Aud",
    "S-F"
  ],
  "sections": [
    {
      "id": "0101",
      "instructors": [
        "Tom Porter"
      ],
      "seats": 10,
      "open-seats": 4,
      "waitlist": 0,
      "days": "TuTh",
      "start": "2:00pm",
      "end": "3:15pm",
      "building": "ANS",
      "room": "0402"
    }
  ],
  "term": "202001",
  "department": "Animal Science",
  "updated": "2020-08-03T18:47:24.539777Z"
}