{
  "id": "ANSC101",
  "title": "Principles of Animal Science",
  "credits": "3",
  "description": "A comprehensive overview of the application of biology in the care and use of animals that live in close association with humans including food animals, companion animals, lab animals, zoo animals, etc. The role of science in modern food production using animals will be emphasized.",
  "grading-method": [
    "Reg",
    "P-F",
    "Aud"
  ],
  "sections": [
    {
      "id": "0101",
      "instructors": [
        "Sarah Balcom"
      ],
      "seats": 80,
      "open-seats": 44,
      "waitlist": 0,
      "days": "MWF",
      "start": "1:00pm",
      "end": "1:50pm",
      "building": "ANS",
      "room": "0408"
    }
  ],
  "term": "202001",
  "department": "Animal Science",
  "updated": "2020-08-03T18:46:48.517870Z"
}