{
  "id": "ANSC688J",
  "title": "Special Topics; Zoonotic Diseases and Control",
  "credits": "3",
  "description": "Prerequisites: BSCI223; recommended NFSC430; or permission of instructor.\n\nLectures will take a global perspective of foodborne diseases common to animals and man, specifically those caused by farm animal-originated human pathogens (zoonoses) and their control. A selection of important zoonoses and food safety issues will be specifically covered with an emphasis on the principles of zoonotic disease transmission and control, risk factors to humans, and surveillance mehtods.",
  "grading-method": [
    "Reg",
    "Aud",
    "S-F"
  ],
  "sections": [
    {
      "id": "0101",
      "instructors": [
        "Debabrata Biswas"
      ],
      "seats": 6,
      "open-seats": 2,
      "waitlist": 0,
      "days": "TuTh",
      "start": "9:30am",
      "end": "10:45am",
      "building": "ANS",
      "room": "0412"
    }
  ],
  "term": "202001",
  "department": "Animal Science",
  "updated": "2020-08-03T18:47:26.819603Z"
}