{
  "id": "ANSC444",
  "title": "Domestic Animal Endocrinology",
  "credits": "3",
  "description": "Prerequisite: ANSC212; or permission of instructor.\nRestriction: Must not have completed ANSC644.\nCredit only granted for: ANSC489I, ANSC444, or ANSC644.\nFormerly: ANSC489I.",
  "grading-method": [
    "Reg",
    "P-F",
    "Aud"
  ],
  "sections": [
    {
      "id": "0101",
      "instructors": [
        "Tom Porter"
      ],
      "seats": 22,
      "open-seats": 4,
      "waitlist": 0,
      "days": "TuTh",
      "start": "2:00pm",
      "end": "3:15pm",
      "building": "ANS",
      "room": "0402"
    }
  ],
  "term": "202001",
  "department": "Animal Science",
  "updated": "2020-08-03T18:47:17.588991Z"
}