{
  "id": "ANSC359",
  "title": "Internship Experience in Animal and Avian Sciences",
  "credits": "3",
  "description": "Prerequisite: ANSC220, ANSC232, ANSC242, ANSC250, ANSC255, ANSC260, or ANSC262. Restriction: Must be in a major within the AGNR-Animal & Avian Sciences department; and permission of instructor.",
  "grading-method": [
    "Reg",
    "P-F"
  ],
  "sections": [
    {
      "id": "0101",
      "instructors": [
        "Monica VanKlompenberg"
      ],
      "seats": 20,
      "open-seats": 10,
      "waitlist": 0,
      "days": "Tu",
      "start": "3:30pm",
      "end": "5:30pm",
      "building": "ANS",
      "room": "0402"
    }
  ],
  "term": "202001",
  "department": "Animal Science",
  "updated": "2020-08-03T18:47:07.248568Z"
}