{
  "id": "ANSC435",
  "title": "Experimental Embryology",
  "credits": "3",
  "description": "Prerequisite: ANSC212.\nRecommended: Completion of one course in reproductive physiology is recommended.\nCredit only granted for: ANSC435 or ANSC489M.\nFormerly: ANSC489M.",
  "grading-method": [
    "Reg",
    "P-F",
    "Aud"
  ],
  "sections": [
    {
      "id": "0101",
      "instructors": [
        "Carol Keefer"
      ],
      "seats": 20,
      "open-seats": 9,
      "waitlist": 0,
      "days": "Tu",
      "start": "2:00pm",
      "end": "3:15pm",
      "building": "ANS",
      "room": "0108"
    }
  ],
  "term": "202001",
  "department": "Animal Science",
  "updated": "2020-08-03T18:47:12.987101Z"
}