{
  "id": "HIST211",
  "title": "Love, Labor, and Citizenship: History of American Women Since 1880",
  "credits": "3",
  "description": "Cross-listed with WMST211.\nCredit only granted for: HIST211 or WMST211.",
  "grading-method": [
    "Reg",
    "P-F",
    "Aud"
  ],
  "sections": [
    {
      "id": "0101",
      "instructors": [
        "Katarina Keane"
      ],
      "seats": 24,
      "open-seats": 0,
      "waitlist": 0,
      "days": "TuTh",
      "start": "11:00am",
      "end": "11:50am",
      "building": "SQH",
      "room": "1120"
    },
    {
      "id": "0102",
      "instructors": [
        "Katarina Keane"
      ],
      "seats": 24,
      "open-seats": 0,
      "waitlist": 0,
      "days": "TuTh",
      "start": "11:00am",
      "end": "11:50am",
      "building": "SQH",
      "room": "1120"
    },
    {
      "id": "0103",
      "instructors": [
        "Katarina Keane"
      ],
      "seats": 24,
      "open-seats": 0,
      "waitlist": 0,
      "days": "TuTh",
      "start": "11:00am",
      "end": "11:50am",
      "building": "SQH",
      "room": "1120"
    }
  ],
  "term": "202001",
  "department": "History",
  "updated": "2020-08-03T19:39:33.010699Z"
}