{
  "id": "HIST289X",
  "title": "History and the Politics of American Memory",
  "credits": "3",
  "description": "In this course students will study the relationship between history, memory, politics, and 20th Century American warfare. Examining multiple forms used to convey historical information - includingphotography, film, memorials/museums, monuments, children's literature, memoirs, television and digital sites- students will consider how \"collective memory-making\" has intersected with the changing and contested histories of 20th century American wars.",
  "grading-method": [
    "Reg",
    "P-F",
    "Aud"
  ],
  "sections": [
    {
      "id": "0101",
      "instructors": [
        "Colleen Woods"
      ],
      "seats": 24,
      "open-seats": 10,
      "waitlist": 0,
      "days": "TuTh",
      "start": "2:00pm",
      "end": "2:50pm",
      "building": "ASY",
      "room": "1213"
    },
    {
      "id": "0102",
      "instructors": [
        "Colleen Woods"
      ],
      "seats": 24,
      "open-seats": 5,
      "waitlist": 0,
      "days": "TuTh",
      "start": "2:00pm",
      "end": "2:50pm",
      "building": "ASY",
      "room": "1213"
    },
    {
      "id": "0103",
      "instructors": [
        "Colleen Woods"
      ],
      "seats": 24,
      "open-seats": 7,
      "waitlist": 0,
      "days": "TuTh",
      "start": "2:00pm",
      "end": "2:50pm",
      "building": "ASY",
      "room": "1213"
    }
  ],
  "term": "202001",
  "department": "History",
  "updated": "2020-08-03T19:39:55.237943Z"
}