{
  "id": "HIST811",
  "title": "Museum Scholarship Practicum",
  "credits": "3",
  "description": "Prerequisite: AMST856, ANTH856, or HIST810.\nRestriction: Permission of Museum Scholarship Program required.\nCross-listed with ANTH857, AMST857.\nCredit only granted for: AMST857, ANTH857, or HIST811.",
  "grading-method": [
    "Reg",
    "S-F"
  ],
  "sections": [
    {
      "id": "0401",
      "instructors": [
        "Instructor: TBA"
      ],
      "seats": 5,
      "open-seats": 5,
      "waitlist": 0,
      "days": "",
      "start": "",
      "end": "",
      "building": "",
      "room": ""
    },
    {
      "id": "0402",
      "instructors": [
        "Paul Jaeger"
      ],
      "seats": 5,
      "open-seats": 5,
      "waitlist": 0,
      "days": "",
      "start": "",
      "end": "",
      "building": "",
      "room": ""
    }
  ],
  "term": "202001",
  "department": "History",
  "updated": "2020-08-03T19:41:16.269828Z"
}