{
  "id": "HIST289R",
  "title": "Pocketbook Politics: A History of American Buying and Selling",
  "credits": "3",
  "description": "Provides a thematic approach to consumerism as it emerged in the United States over the course of three centuries. The history of consumption is a prism through which many aspects of social and political life may be viewed. How does what we wear, what we listen to, or what we eat shape our identities?",
  "grading-method": [
    "Reg",
    "P-F",
    "Aud"
  ],
  "sections": [
    {
      "id": "0101",
      "instructors": [
        "Katarina Keane"
      ],
      "seats": 24,
      "open-seats": 0,
      "waitlist": 0,
      "days": "TuTh",
      "start": "2:00pm",
      "end": "2:50pm",
      "building": "KEY",
      "room": "0106"
    },
    {
      "id": "0102",
      "instructors": [
        "Katarina Keane"
      ],
      "seats": 24,
      "open-seats": 2,
      "waitlist": 0,
      "days": "TuTh",
      "start": "2:00pm",
      "end": "2:50pm",
      "building": "KEY",
      "room": "0106"
    },
    {
      "id": "0103",
      "instructors": [
        "Katarina Keane"
      ],
      "seats": 24,
      "open-seats": 0,
      "waitlist": 0,
      "days": "TuTh",
      "start": "2:00pm",
      "end": "2:50pm",
      "building": "KEY",
      "room": "0106"
    }
  ],
  "term": "202001",
  "department": "History",
  "updated": "2020-08-03T19:39:52.822372Z"
}