{
  "id": "HIST356",
  "title": "Emergence of Modern America, 1900-1945",
  "credits": "3",
  "description": "Prerequisite: HIST201, HIST211, HIST213, HIST222, HIST255, or HIST275; or must have completed HIST157; or permission of instructor.",
  "grading-method": [
    "Reg",
    "P-F",
    "Aud"
  ],
  "sections": [
    {
      "id": "0101",
      "instructors": [
        "Robert Chiles"
      ],
      "seats": 40,
      "open-seats": 1,
      "waitlist": 0,
      "days": "TuTh",
      "start": "9:30am",
      "end": "10:45am",
      "building": "KEY",
      "room": "0116"
    }
  ],
  "term": "202001",
  "department": "History",
  "updated": "2020-08-03T19:40:18.972873Z"
}