{
  "id": "HIST283",
  "title": "History of the Jewish People II",
  "credits": "3",
  "description": "Credit only granted for: HIST283, HIST283H, JWST235, or JWST235H.",
  "grading-method": [
    "Reg",
    "P-F",
    "Aud"
  ],
  "sections": [
    {
      "id": "0101",
      "instructors": [
        "Rachel Manekin"
      ],
      "seats": 30,
      "open-seats": 21,
      "waitlist": 0,
      "days": "Tu",
      "start": "3:30pm",
      "end": "6:00pm",
      "building": "SQH",
      "room": "2120"
    }
  ],
  "term": "202001",
  "department": "History",
  "updated": "2020-08-03T19:39:48.052092Z"
}