{
  "id": "HIST428P",
  "title": "Selected Topics in History; Trashed! Garbage and Recycling in History",
  "credits": "3",
  "description": "In this upper-level reading seminar, students will explore how humans have produced, dealt with, and ignored trash and recycling. We will look at case studies from North America, Europe, and Asia from the 19th 20th century to understand how the role of garbage in society has changed over time.",
  "grading-method": [
    "Reg",
    "P-F",
    "Aud"
  ],
  "sections": [
    {
      "id": "0101",
      "instructors": [
        "Thomas Zeller"
      ],
      "seats": 12,
      "open-seats": 2,
      "waitlist": 0,
      "days": "W",
      "start": "3:30pm",
      "end": "6:00pm",
      "building": "KEY",
      "room": "0123"
    }
  ],
  "term": "202001",
  "department": "History",
  "updated": "2020-08-03T19:40:41.905512Z"
}