{
  "id": "HIST779C",
  "title": "Readings in Middle Eastern History; Islamic Reformism",
  "credits": "3",
  "description": "",
  "grading-method": [
    "Reg",
    "Aud",
    "S-F"
  ],
  "sections": [
    {
      "id": "0101",
      "instructors": [
        "Peter Wien"
      ],
      "seats": 5,
      "open-seats": 4,
      "waitlist": 0,
      "days": "Tu",
      "start": "3:30pm",
      "end": "6:00pm",
      "building": "TLF",
      "room": "2100"
    }
  ],
  "term": "202001",
  "department": "History",
  "updated": "2020-08-03T19:41:12.851781Z"
}