{
  "id": "HIST408K",
  "title": "Senior Seminar; Antisemitism: Classic, Modern, and New",
  "credits": "3",
  "description": "A readings seminar on change and continuities between the \"old\" forms of Christian religious anti-Judaism and the \"modern\" racist antisemitism that culminated in the Holocaust. We then turn to the \"new\" and \"golbalized\" antisemitism that emerged inside and outside Europe in the 20th century in leftist, far right and Islamist variations and continues in recent decades.",
  "grading-method": [
    "Reg",
    "P-F"
  ],
  "sections": [
    {
      "id": "0101",
      "instructors": [
        "Jeffrey Herf"
      ],
      "seats": 12,
      "open-seats": 0,
      "waitlist": 0,
      "days": "W",
      "start": "1:00pm",
      "end": "2:50pm",
      "building": "TLF",
      "room": "2108"
    }
  ],
  "term": "202001",
  "department": "History",
  "updated": "2020-08-03T19:40:28.093308Z"
}