{
  "id": "HIST108A",
  "title": "Freshman/Sophomore Seminar in History; Incarceration Nation",
  "credits": "3",
  "description": "America leads the world in jailing its own citizens and there are now more than two million Americans behind bars. How did it come to this? This course examines America s long history of incarceration, with a particular focus on the period from the Revolution to the Civil War.",
  "grading-method": [
    "Reg",
    "P-F"
  ],
  "sections": [
    {
      "id": "0101",
      "instructors": [
        "Richard Bell"
      ],
      "seats": 20,
      "open-seats": 8,
      "waitlist": 0,
      "days": "TuTh",
      "start": "2:00pm",
      "end": "3:15pm",
      "building": "TLF",
      "room": "2103"
    }
  ],
  "term": "202001",
  "department": "History",
  "updated": "2020-08-03T19:39:19.725995Z"
}