{
  "id": "HIST225",
  "title": "Modern Military History, 1815-Present",
  "credits": "3",
  "description": "The military history of Europe through an examination of the economic, financial, strategic, tactical, and technological aspects of the development of military institutions and warfare from the Congress of Vienna in 1815 to the present.",
  "grading-method": [
    "Reg",
    "P-F",
    "Aud"
  ],
  "sections": [
    {
      "id": "0101",
      "instructors": [
        "Patrick Chung"
      ],
      "seats": 40,
      "open-seats": 0,
      "waitlist": 0,
      "days": "TuTh",
      "start": "9:30am",
      "end": "10:45am",
      "building": "ESJ",
      "room": "1309"
    }
  ],
  "term": "202001",
  "department": "History",
  "updated": "2020-08-03T19:39:38.823490Z"
}