{
  "id": "HIST235",
  "title": "Divorced, Beheaded, Deposed: England and Britain 1485-1689",
  "credits": "3",
  "description": "British history from the War of the Roses to the Hanoverian succession; Yorkist and Tudor society and politics; the Renaissance and Reformation in England, Henry VIII through Elizabeth I; 17th-century crises and revolutions; intellectual and cultural changes; the beginnings of empire; the achievement of political and intellectual order.",
  "grading-method": [
    "Reg",
    "P-F",
    "Aud"
  ],
  "sections": [
    {
      "id": "0101",
      "instructors": [
        "Sabrina Baron"
      ],
      "seats": 40,
      "open-seats": 2,
      "waitlist": 0,
      "days": "TuTh",
      "start": "9:30am",
      "end": "10:45am",
      "building": "KEY",
      "room": "0103"
    }
  ],
  "term": "202001",
  "department": "History",
  "updated": "2020-08-03T19:39:41.144724Z"
}