{
  "id": "HIST495",
  "title": "Women in Medieval Culture and Society",
  "credits": "3",
  "description": "Cross-listed with WMST455.\nCredit only granted for: HIST495 or WMST455.",
  "grading-method": [
    "Reg",
    "P-F",
    "Aud"
  ],
  "sections": [
    {
      "id": "0101",
      "instructors": [
        "Janna Bianchini"
      ],
      "seats": 30,
      "open-seats": 17,
      "waitlist": 0,
      "days": "MW",
      "start": "2:00pm",
      "end": "3:15pm",
      "building": "TLF",
      "room": "1101"
    }
  ],
  "term": "202001",
  "department": "History",
  "updated": "2020-08-03T19:40:56.917905Z"
}