{
  "id": "HIST354",
  "title": "Ante-Bellum America 1815-1861",
  "credits": "3",
  "description": "Prerequisite: HIST200, HIST210, HIST213, HIST222, HIST254, or HIST275; or must have completed HIST156; or permission of instructor.",
  "grading-method": [
    "Reg",
    "P-F",
    "Aud"
  ],
  "sections": [
    {
      "id": "0101",
      "instructors": [
        "Robert Chiles"
      ],
      "seats": 40,
      "open-seats": 2,
      "waitlist": 0,
      "days": "TuTh",
      "start": "2:00pm",
      "end": "3:15pm",
      "building": "KEY",
      "room": "0116"
    }
  ],
  "term": "202001",
  "department": "History",
  "updated": "2020-08-03T19:40:17.816950Z"
}