{
  "id": "HIST460",
  "title": "History of Labor in the United States",
  "credits": "3",
  "description": "Prerequisite: HIST200, HIST201, HIST210, HIST211, HIST222, HIST255, or HIST275; or must have completed HIST156 or HIST157; or permission of instructor.",
  "grading-method": [
    "Reg",
    "P-F",
    "Aud"
  ],
  "sections": [
    {
      "id": "0101",
      "instructors": [
        "Julie Greene"
      ],
      "seats": 30,
      "open-seats": 18,
      "waitlist": 0,
      "days": "TuTh",
      "start": "12:30pm",
      "end": "1:45pm",
      "building": "TLF",
      "room": "1103"
    }
  ],
  "term": "202001",
  "department": "History",
  "updated": "2020-08-03T19:40:52.316803Z"
}