{
  "id": "HIST431",
  "title": "Becoming Great Britain, 1603-1704",
  "credits": "3",
  "description": "An examination of the political, religious, and social forces in English life, 1603-1714, with special emphasis on Puritanism and the English revolutions.",
  "grading-method": [
    "Reg",
    "P-F",
    "Aud"
  ],
  "sections": [
    {
      "id": "0101",
      "instructors": [
        "Sabrina Baron"
      ],
      "seats": 25,
      "open-seats": 3,
      "waitlist": 0,
      "days": "TuTh",
      "start": "12:30pm",
      "end": "1:45pm",
      "building": "TLF",
      "room": "1101"
    }
  ],
  "term": "202001",
  "department": "History",
  "updated": "2020-08-03T19:40:48.794207Z"
}