{
  "id": "HIST222",
  "title": "Immigration and Ethnicity in America",
  "credits": "3",
  "description": "Credit only granted for: AAST222 or HIST222.",
  "grading-method": [
    "Reg",
    "P-F",
    "Aud"
  ],
  "sections": [
    {
      "id": "0101",
      "instructors": [
        "Robert Chiles"
      ],
      "seats": 40,
      "open-seats": 4,
      "waitlist": 0,
      "days": "TuTh",
      "start": "3:30pm",
      "end": "4:45pm",
      "building": "KEY",
      "room": "0103"
    }
  ],
  "term": "202001",
  "department": "History",
  "updated": "2020-08-03T19:39:37.664461Z"
}