{
  "id": "HIST237",
  "title": "Russian Civilization",
  "credits": "3",
  "description": "An overview of Russian history stressing the main lines of development of the Russian state and the evolution of Russian culture to the present day.",
  "grading-method": [
    "Reg",
    "P-F",
    "Aud"
  ],
  "sections": [
    {
      "id": "0101",
      "instructors": [
        "Mikhail Dolbilov"
      ],
      "seats": 40,
      "open-seats": 4,
      "waitlist": 0,
      "days": "TuTh",
      "start": "11:00am",
      "end": "12:15pm",
      "building": "KEY",
      "room": "0116"
    }
  ],
  "term": "202001",
  "department": "History",
  "updated": "2020-08-03T19:39:42.291972Z"
}