{
  "id": "HIST319T",
  "title": "Special Topics in History; African Poetry, Oral Tradition, and Letters as History",
  "credits": "3",
  "description": "",
  "grading-method": [
    "Reg",
    "P-F",
    "Aud"
  ],
  "sections": [
    {
      "id": "0101",
      "instructors": [
        "Paul Landau"
      ],
      "seats": 20,
      "open-seats": 13,
      "waitlist": 0,
      "days": "TuTh",
      "start": "3:30pm",
      "end": "4:45pm",
      "building": "KEY",
      "room": "0100"
    }
  ],
  "term": "202001",
  "department": "History",
  "updated": "2020-08-03T19:40:03.567936Z"
}