{
  "id": "HIST428W",
  "title": "Selected Topics in History; Global Mobility in the Age of Sail: Studies in Sexuality, Gender, Race & Colonialism",
  "credits": "3",
  "description": "From the Fifteenth century on Europeans took to the sea to explore the far reaches of the globe. They sought trade, natural resources, and land to expand their dominions. These seafaring adventures initiated colonialism, conquest, and the rise of Atlantic slavery.\n\nThis class explores how this global geographic movement changed ideas and practices of sexuality; how sexuality was used to deploy colonial power and resist it; and how sexuality was central to deployment of new ideas about race and gender.",
  "grading-method": [
    "Reg",
    "P-F",
    "Aud"
  ],
  "sections": [
    {
      "id": "0101",
      "instructors": [
        "Clare Lyons"
      ],
      "seats": 18,
      "open-seats": 8,
      "waitlist": 0,
      "days": "W",
      "start": "3:30pm",
      "end": "6:00pm",
      "building": "TLF",
      "room": "2103"
    }
  ],
  "term": "202001",
  "department": "History",
  "updated": "2020-08-03T19:40:43.052774Z"
}