{
  "id": "HIST419A",
  "title": "Special Topics in History; From Neverland to Downton Abbey: History and Popular Culture in 20th Century Britain",
  "credits": "3",
  "description": "This course uses the lens of popular culture to study 20th Century Britain- from the peak of colonial power to the nation's \"decline\" in the age of Brexit. Kids' adventure stories, wartime propaganda films, youth culture, sports, and music, post-colonial fiction, and our current nostalgia for the past, from \"Downtown Abbey\" and \"Peaky Blinders\" to \"The Great British Bake-Off\" are just a few of the topics we will cover.",
  "grading-method": [
    "Reg",
    "P-F",
    "Aud"
  ],
  "sections": [
    {
      "id": "0101",
      "instructors": [
        "Julie Taddeo"
      ],
      "seats": 30,
      "open-seats": 0,
      "waitlist": 0,
      "days": "MW",
      "start": "2:00pm",
      "end": "3:15pm",
      "building": "KEY",
      "room": "0100"
    }
  ],
  "term": "202001",
  "department": "History",
  "updated": "2020-08-03T19:40:33.876273Z"
}