{
  "id": "HIST251",
  "title": "Latin America Since Independence",
  "credits": "3",
  "description": "Cross-listed with HIST251.\nCredit only granted for: HIST251 or LASC251.",
  "grading-method": [
    "Reg",
    "P-F",
    "Aud"
  ],
  "sections": [
    {
      "id": "0101",
      "instructors": [
        "Karin Rosemblatt"
      ],
      "seats": 40,
      "open-seats": 5,
      "waitlist": 0,
      "days": "MW",
      "start": "2:00pm",
      "end": "3:15pm",
      "building": "TYD",
      "room": "1118"
    }
  ],
  "term": "202001",
  "department": "History",
  "updated": "2020-08-03T19:39:44.591640Z"
}