{
  "id": "HIST810",
  "title": "Museum Research Seminar",
  "credits": "3",
  "description": "Prerequisite: AMST655, ANTH655, or HIST610.\nCross-listed with ANTH856, AMST856.\nCredit only granted for: AMST856, ANTH856, or HIST810.",
  "grading-method": [
    "Reg",
    "Aud",
    "S-F"
  ],
  "sections": [
    {
      "id": "0101",
      "instructors": [
        "Henry Gregory"
      ],
      "seats": 15,
      "open-seats": 8,
      "waitlist": 0,
      "days": "W",
      "start": "7:15pm",
      "end": "10:00pm",
      "building": "WDS",
      "room": "1130"
    }
  ],
  "term": "202001",
  "department": "History",
  "updated": "2020-08-03T19:41:15.121902Z"
}