{
  "id": "HIST289V",
  "title": "What Does It Mean to be An American?",
  "credits": "3",
  "description": "This course seeks to understand the on-going crisis over national identity and purpose by examining the many factors that go into the big stew known as America.",
  "grading-method": [
    "Reg",
    "P-F",
    "Aud"
  ],
  "sections": [
    {
      "id": "0101",
      "instructors": [
        "Howard Smead"
      ],
      "seats": 24,
      "open-seats": 5,
      "waitlist": 0,
      "days": "MW",
      "start": "11:00am",
      "end": "11:50am",
      "building": "KEY",
      "room": "0106"
    },
    {
      "id": "0102",
      "instructors": [
        "Howard Smead"
      ],
      "seats": 24,
      "open-seats": 4,
      "waitlist": 0,
      "days": "MW",
      "start": "11:00am",
      "end": "11:50am",
      "building": "KEY",
      "room": "0106"
    },
    {
      "id": "0103",
      "instructors": [
        "Howard Smead"
      ],
      "seats": 24,
      "open-seats": 1,
      "waitlist": 0,
      "days": "MW",
      "start": "11:00am",
      "end": "11:50am",
      "building": "KEY",
      "room": "0106"
    }
  ],
  "term": "202001",
  "department": "History",
  "updated": "2020-08-03T19:39:54.019823Z"
}