{
  "id": "HIST281",
  "title": "Inventing Traditions: The Making of Rabbinic Judaism",
  "credits": "3",
  "description": "Cross-listed with: JWST230, RELS219C.\nCredit only granted for: HIST281 or JWST230.",
  "grading-method": [
    "Reg",
    "P-F",
    "Aud"
  ],
  "sections": [
    {
      "id": "0101",
      "instructors": [
        "Hayim Lapin"
      ],
      "seats": 20,
      "open-seats": 6,
      "waitlist": 0,
      "days": "TuTh",
      "start": "9:30am",
      "end": "10:20am",
      "building": "TLF",
      "room": "2108"
    }
  ],
  "term": "202001",
  "department": "History",
  "updated": "2020-08-03T19:39:46.902794Z"
}