{
  "id": "HIST408M",
  "title": "Senior Seminar; Race and the History of Jim Crow",
  "credits": "3",
  "description": "This readings seminar examines the work of race and racial formation during the rise of Jim Crow sanctioned by law and custom from 1865-1967.",
  "grading-method": [
    "Reg",
    "P-F"
  ],
  "sections": [
    {
      "id": "0101",
      "instructors": [
        "Quincy Mills"
      ],
      "seats": 12,
      "open-seats": 1,
      "waitlist": 0,
      "days": "Th",
      "start": "12:30pm",
      "end": "2:20pm",
      "building": "TLF",
      "room": "2108"
    }
  ],
  "term": "202001",
  "department": "History",
  "updated": "2020-08-03T19:40:29.240289Z"
}