{
  "id": "HIST462",
  "title": "Slavery, Sectionalism, and the U.S. Civil War",
  "credits": "3",
  "description": "Slavery, sectionalism, and the coming of the Civil War. Resources and strategy of the Confederacy and the Union, the war's changing character, emancipation and its consequences, conditions on the home front, and the wartime origins of Reconstruction.",
  "grading-method": [
    "Reg",
    "P-F",
    "Aud"
  ],
  "sections": [
    {
      "id": "0101",
      "instructors": [
        "Leslie Rowland"
      ],
      "seats": 40,
      "open-seats": 36,
      "waitlist": 0,
      "days": "MW",
      "start": "6:00pm",
      "end": "7:15pm",
      "building": "KEY",
      "room": "0103"
    }
  ],
  "term": "202001",
  "department": "History",
  "updated": "2020-08-03T19:40:53.469903Z"
}