{
  "id": "HIST113",
  "title": "The Making of Modern Europe",
  "credits": "3",
  "description": "Evolution of modern nation states since late medieval times. Industrial-economic structure and demography. Emergence of modern secular society.",
  "grading-method": [
    "Reg",
    "P-F",
    "Aud"
  ],
  "sections": [
    {
      "id": "0101",
      "instructors": [
        "Piotr H Kosicki"
      ],
      "seats": 40,
      "open-seats": 4,
      "waitlist": 0,
      "days": "",
      "start": "",
      "end": "",
      "building": "",
      "room": "ONLINE"
    }
  ],
  "term": "202001",
  "department": "History",
  "updated": "2020-08-03T19:39:24.404178Z"
}