{
  "id": "HIST201",
  "title": "Interpreting American History: From 1865 to the Present",
  "credits": "3",
  "description": "Credit only granted for: HIST157 or HIST201.\nFormerly: HIST157.",
  "grading-method": [
    "Reg",
    "P-F",
    "Aud"
  ],
  "sections": [
    {
      "id": "0101",
      "instructors": [
        "Howard Smead"
      ],
      "seats": 24,
      "open-seats": 1,
      "waitlist": 0,
      "days": "MW",
      "start": "12:00pm",
      "end": "12:50pm",
      "building": "KEY",
      "room": "0106"
    },
    {
      "id": "0102",
      "instructors": [
        "Howard Smead"
      ],
      "seats": 24,
      "open-seats": 0,
      "waitlist": 0,
      "days": "MW",
      "start": "12:00pm",
      "end": "12:50pm",
      "building": "KEY",
      "room": "0106"
    },
    {
      "id": "0103",
      "instructors": [
        "Howard Smead"
      ],
      "seats": 24,
      "open-seats": 0,
      "waitlist": 0,
      "days": "MW",
      "start": "12:00pm",
      "end": "12:50pm",
      "building": "KEY",
      "room": "0106"
    },
    {
      "id": "0104",
      "instructors": [
        "Howard Smead"
      ],
      "seats": 24,
      "open-seats": 1,
      "waitlist": 0,
      "days": "MW",
      "start": "12:00pm",
      "end": "12:50pm",
      "building": "KEY",
      "room": "0106"
    },
    {
      "id": "0105",
      "instructors": [
        "Howard Smead"
      ],
      "seats": 24,
      "open-seats": 1,
      "waitlist": 0,
      "days": "MW",
      "start": "12:00pm",
      "end": "12:50pm",
      "building": "KEY",
      "room": "0106"
    },
    {
      "id": "0106",
      "instructors": [
        "Howard Smead"
      ],
      "seats": 24,
      "open-seats": 0,
      "waitlist": 0,
      "days": "MW",
      "start": "12:00pm",
      "end": "12:50pm",
      "building": "KEY",
      "room": "0106"
    },
    {
      "id": "0107",
      "instructors": [
        "Howard Smead"
      ],
      "seats": 24,
      "open-seats": 0,
      "waitlist": 0,
      "days": "MW",
      "start": "12:00pm",
      "end": "12:50pm",
      "building": "KEY",
      "room": "0106"
    },
    {
      "id": "0108",
      "instructors": [
        "Howard Smead"
      ],
      "seats": 24,
      "open-seats": 1,
      "waitlist": 0,
      "days": "MW",
      "start": "12:00pm",
      "end": "12:50pm",
      "building": "KEY",
      "room": "0106"
    },
    {
      "id": "0109",
      "instructors": [
        "Howard Smead"
      ],
      "seats": 24,
      "open-seats": 0,
      "waitlist": 0,
      "days": "MW",
      "start": "12:00pm",
      "end": "12:50pm",
      "building": "KEY",
      "room": "0106"
    },
    {
      "id": "0201",
      "instructors": [
        "Robert Chiles"
      ],
      "seats": 24,
      "open-seats": 2,
      "waitlist": 0,
      "days": "TuTh",
      "start": "12:30pm",
      "end": "1:20pm",
      "building": "KEY",
      "room": "0106"
    },
    {
      "id": "0202",
      "instructors": [
        "Robert Chiles"
      ],
      "seats": 24,
      "open-seats": 0,
      "waitlist": 0,
      "days": "TuTh",
      "start": "12:30pm",
      "end": "1:20pm",
      "building": "KEY",
      "room": "0106"
    },
    {
      "id": "0203",
      "instructors": [
        "Robert Chiles"
      ],
      "seats": 24,
      "open-seats": 0,
      "waitlist": 0,
      "days": "TuTh",
      "start": "12:30pm",
      "end": "1:20pm",
      "building": "KEY",
      "room": "0106"
    },
    {
      "id": "0204",
      "instructors": [
        "Robert Chiles"
      ],
      "seats": 24,
      "open-seats": 1,
      "waitlist": 0,
      "days": "TuTh",
      "start": "12:30pm",
      "end": "1:20pm",
      "building": "KEY",
      "room": "0106"
    },
    {
      "id": "0205",
      "instructors": [
        "Robert Chiles"
      ],
      "seats": 24,
      "open-seats": 0,
      "waitlist": 0,
      "days": "TuTh",
      "start": "12:30pm",
      "end": "1:20pm",
      "building": "KEY",
      "room": "0106"
    },
    {
      "id": "0206",
      "instructors": [
        "Robert Chiles"
      ],
      "seats": 24,
      "open-seats": 0,
      "waitlist": 0,
      "days": "TuTh",
      "start": "12:30pm",
      "end": "1:20pm",
      "building": "KEY",
      "room": "0106"
    },
    {
      "id": "0207",
      "instructors": [
        "Robert Chiles"
      ],
      "seats": 24,
      "open-seats": 3,
      "waitlist": 0,
      "days": "TuTh",
      "start": "12:30pm",
      "end": "1:20pm",
      "building": "KEY",
      "room": "0106"
    },
    {
      "id": "0208",
      "instructors": [
        "Robert Chiles"
      ],
      "seats": 24,
      "open-seats": 0,
      "waitlist": 0,
      "days": "TuTh",
      "start": "12:30pm",
      "end": "1:20pm",
      "building": "KEY",
      "room": "0106"
    },
    {
      "id": "0209",
      "instructors": [
        "Robert Chiles"
      ],
      "seats": 24,
      "open-seats": 0,
      "waitlist": 0,
      "days": "TuTh",
      "start": "12:30pm",
      "end": "1:20pm",
      "building": "KEY",
      "room": "0106"
    }
  ],
  "term": "202001",
  "department": "History",
  "updated": "2020-08-03T19:39:28.004252Z"
}