{
  "id": "HIST329E",
  "title": "Special Topics in History; Black Women in United States History",
  "credits": "3",
  "description": "Crosslisted with WMST314 and HIST329E; credit will only be granted for AASP313, WMST314, or HIST329E.",
  "grading-method": [
    "Reg",
    "P-F",
    "Aud"
  ],
  "sections": [
    {
      "id": "0101",
      "instructors": [
        "Elsa Barkley Brown"
      ],
      "seats": 35,
      "open-seats": 5,
      "waitlist": 0,
      "days": "Tu",
      "start": "4:00pm",
      "end": "6:30pm",
      "building": "SKN",
      "room": "1115"
    }
  ],
  "term": "202001",
  "department": "History",
  "updated": "2020-08-03T19:40:14.302073Z"
}