{
  "id": "HIST428M",
  "title": "Selected Topics in History; Oral History of Immigration",
  "credits": "3",
  "description": "Uses oral history to explore experiences of migrants to the Washington, D.C. area since the mid-twentieth century in projects based on engagement with local immigrants.",
  "grading-method": [
    "Reg",
    "P-F",
    "Aud"
  ],
  "sections": [
    {
      "id": "0101",
      "instructors": [
        "Anne Rush"
      ],
      "seats": 20,
      "open-seats": 1,
      "waitlist": 0,
      "days": "TuTh",
      "start": "2:00pm",
      "end": "3:15pm",
      "building": "TLF",
      "room": "1101"
    }
  ],
  "term": "202001",
  "department": "History",
  "updated": "2020-08-03T19:40:40.760599Z"
}