{
  "id": "HIST208B",
  "title": "Historical Research and Methods Seminar; \"How to Rule the World\": Political Theory and Governance in the Ancient Mediterranean",
  "credits": "3",
  "description": "",
  "grading-method": [
    "Reg",
    "P-F"
  ],
  "sections": [
    {
      "id": "0101",
      "instructors": [
        "Dustin Cranford"
      ],
      "seats": 12,
      "open-seats": 5,
      "waitlist": 0,
      "days": "W",
      "start": "10:00am",
      "end": "11:50am",
      "building": "KEY",
      "room": "0107"
    },
    {
      "id": "0201",
      "instructors": [
        "Dustin Cranford"
      ],
      "seats": 12,
      "open-seats": 0,
      "waitlist": 0,
      "days": "W",
      "start": "1:00pm",
      "end": "2:50pm",
      "building": "KEY",
      "room": "0107"
    }
  ],
  "term": "202001",
  "department": "History",
  "updated": "2020-08-03T19:39:30.664150Z"
}