{
  "id": "HIST233",
  "title": "Empire! The British Imperial Experience 1558-1997",
  "credits": "3",
  "description": "Credit only granted for: HIST219P or HIST233.\nFormerly: HIST219P.",
  "grading-method": [
    "Reg",
    "P-F",
    "Aud"
  ],
  "sections": [
    {
      "id": "0101",
      "instructors": [
        "Anne Rush"
      ],
      "seats": 40,
      "open-seats": 0,
      "waitlist": 0,
      "days": "TuTh",
      "start": "11:00am",
      "end": "12:15pm",
      "building": "SQH",
      "room": "1103"
    }
  ],
  "term": "202001",
  "department": "History",
  "updated": "2020-08-03T19:39:39.989258Z"
}