{
  "id": "HIST219P",
  "title": "Special Topics in History; World History 3500BCE to 1300AD",
  "credits": "3",
  "description": "What is the story of humanity? How did humans learn to grow food, build cities, govern states, and coexist? This course covers world history from the earliest states until the Mongol invasions of the 13th century. Themes include religion, hierarchy, trade, global geography, technological innovation, climate, culture, and language.",
  "grading-method": [
    "Reg",
    "P-F",
    "Aud"
  ],
  "sections": [
    {
      "id": "0101",
      "instructors": [
        "Ali Karamustafa"
      ],
      "seats": 40,
      "open-seats": 35,
      "waitlist": 0,
      "days": "MWF",
      "start": "9:00am",
      "end": "9:50am",
      "building": "KEY",
      "room": "0103"
    }
  ],
  "term": "202001",
  "department": "History",
  "updated": "2020-08-03T19:39:35.353601Z"
}