{
  "id": "HIST417",
  "title": "Colonial Encounters: Natives, Spaniards, and Africans in the New World",
  "credits": "3",
  "description": "Recommended: HIST220 and HIST250.\nCredit only granted for: HIST417 or HIST428Y.\nFormerly: HIST428Y.",
  "grading-method": [
    "Reg",
    "P-F",
    "Aud"
  ],
  "sections": [
    {
      "id": "0101",
      "instructors": [
        "Alejandro Caneque"
      ],
      "seats": 30,
      "open-seats": 25,
      "waitlist": 0,
      "days": "TuTh",
      "start": "2:00pm",
      "end": "3:15pm",
      "building": "TLF",
      "room": "1103"
    }
  ],
  "term": "202001",
  "department": "History",
  "updated": "2020-08-03T19:40:32.699852Z"
}