{
  "id": "HIST429X",
  "title": "Special Topics in History; Tradition and Change: Jewish Religion in the Modern World",
  "credits": "3",
  "description": "Cross-listed with JWST347 and RELS419R. Credit granted for JWST347, RELS419R, or HIST429X.\n\nAn exploration of the history of the different modern Jewish religious movements that developed in Europe, starting with messianic movements and ending with Reform and Orthodoxy. Emphasis will be placed on the influence of the academic study of Judaism on the development of modern Jewish religious ideologies and practices.",
  "grading-method": [
    "Reg",
    "P-F",
    "Aud"
  ],
  "sections": [
    {
      "id": "0101",
      "instructors": [
        "Rachel Manekin"
      ],
      "seats": 40,
      "open-seats": 20,
      "waitlist": 0,
      "days": "TuTh",
      "start": "2:00pm",
      "end": "3:15pm",
      "building": "SQH",
      "room": "1105"
    }
  ],
  "term": "202001",
  "department": "History",
  "updated": "2020-08-03T19:40:46.498571Z"
}