{
  "id": "HIST619X",
  "title": "Special Topics in History; US State and Society since Reconstruction",
  "credits": "3",
  "description": "",
  "grading-method": [
    "Reg",
    "Aud",
    "S-F"
  ],
  "sections": [
    {
      "id": "0101",
      "instructors": [
        "Robyn Muncy"
      ],
      "seats": 12,
      "open-seats": 1,
      "waitlist": 0,
      "days": "Th",
      "start": "3:30pm",
      "end": "6:00pm",
      "building": "TLF",
      "room": "2108"
    }
  ],
  "term": "202001",
  "department": "History",
  "updated": "2020-08-03T19:41:06.020468Z"
}