{
  "id": "HIST321",
  "title": "Biblical History and Culture",
  "credits": "3",
  "description": "Cross-listed with: JWST324.\nCredit only granted for: HIST321, or JWST324.",
  "grading-method": [
    "Reg",
    "P-F"
  ],
  "sections": [
    {
      "id": "0101",
      "instructors": [
        "Matthew Suriano"
      ],
      "seats": 40,
      "open-seats": 13,
      "waitlist": 0,
      "days": "TuTh",
      "start": "2:00pm",
      "end": "3:15pm",
      "building": "SQH",
      "room": "1119"
    }
  ],
  "term": "202001",
  "department": "History",
  "updated": "2020-08-03T19:40:06.170869Z"
}