{
  "id": "HIST289A",
  "title": "Jews, Christians, and Muslims in Medieval Spain: Tolerance, Oppression, and the Problematic Past",
  "credits": "3",
  "description": "Cross-listed with: RELS289C.\nCredit only granted for: HIST289A or RELS289C.",
  "grading-method": [
    "Reg",
    "P-F",
    "Aud"
  ],
  "sections": [
    {
      "id": "0101",
      "instructors": [
        "Janna Bianchini"
      ],
      "seats": 24,
      "open-seats": 3,
      "waitlist": 0,
      "days": "MW",
      "start": "11:00am",
      "end": "11:50am",
      "building": "SYM",
      "room": "0200"
    },
    {
      "id": "0102",
      "instructors": [
        "Janna Bianchini"
      ],
      "seats": 24,
      "open-seats": 7,
      "waitlist": 0,
      "days": "MW",
      "start": "11:00am",
      "end": "11:50am",
      "building": "SYM",
      "room": "0200"
    },
    {
      "id": "0103",
      "instructors": [
        "Janna Bianchini"
      ],
      "seats": 24,
      "open-seats": 8,
      "waitlist": 0,
      "days": "MW",
      "start": "11:00am",
      "end": "11:50am",
      "building": "SYM",
      "room": "0200"
    }
  ],
  "term": "202001",
  "department": "History",
  "updated": "2020-08-03T19:39:49.199666Z"
}