{
  "id": "HIST419B",
  "title": "Special Topics in History; China's Last Empire: History of the Great Qing, 1644-1911",
  "credits": "3",
  "description": "History of China's last imperial dynasty, the Great Qing, founded by the Manchus and ruled China from 1644 to 1911. Topics include the Manchu conquest, emperors and the bureaucracy, economic growth and commercialization, territorial expansion, social and cultural changes, and the Qing in contemporary Chinese popular culture.",
  "grading-method": [
    "Reg",
    "P-F",
    "Aud"
  ],
  "sections": [
    {
      "id": "0101",
      "instructors": [
        "Ting Zhang"
      ],
      "seats": 20,
      "open-seats": 0,
      "waitlist": 0,
      "days": "M",
      "start": "11:00am",
      "end": "1:30pm",
      "building": "TLF",
      "room": "2103"
    }
  ],
  "term": "202001",
  "department": "History",
  "updated": "2020-08-03T19:40:35.020413Z"
}