{
  "id": "HIST428B",
  "title": "Selected Topics in History; Seven Revolutions in Postwar Africa",
  "credits": "3",
  "description": "",
  "grading-method": [
    "Reg",
    "P-F",
    "Aud"
  ],
  "sections": [
    {
      "id": "0101",
      "instructors": [
        "Paul Landau"
      ],
      "seats": 20,
      "open-seats": 5,
      "waitlist": 0,
      "days": "TuTh",
      "start": "11:00am",
      "end": "12:15pm",
      "building": "KEY",
      "room": "0100"
    }
  ],
  "term": "202001",
  "department": "History",
  "updated": "2020-08-03T19:40:38.463836Z"
}