{
  "id": "HIST408J",
  "title": "Senior Seminar; Telling War Stories: Using Oral History to Write Military History",
  "credits": "3",
  "description": "This research seminar explores the human side of war, concentrating on the \"war stories\" of the ordinary men and women who gave their blood, sweat, and tears on the frontlines. It will culminate in a research paper based upon the oral histories gathered by the Library of Congress' Veterans' Oral History Project.",
  "grading-method": [
    "Reg",
    "P-F"
  ],
  "sections": [
    {
      "id": "0101",
      "instructors": [
        "Patrick Chung"
      ],
      "seats": 12,
      "open-seats": 2,
      "waitlist": 0,
      "days": "Th",
      "start": "2:00pm",
      "end": "3:50pm",
      "building": "TLF",
      "room": "2100"
    }
  ],
  "term": "202001",
  "department": "History",
  "updated": "2020-08-03T19:40:26.946842Z"
}