{
  "id": "HIST319R",
  "title": "Special Topics in History; Genghis Khan and the Mongols: Destroyers of Worlds and Patrons of Culture",
  "credits": "3",
  "description": "",
  "grading-method": [
    "Reg",
    "P-F",
    "Aud"
  ],
  "sections": [
    {
      "id": "0101",
      "instructors": [
        "Colleen Ho"
      ],
      "seats": 40,
      "open-seats": 3,
      "waitlist": 0,
      "days": "TuTh",
      "start": "2:00pm",
      "end": "3:15pm",
      "building": "KEY",
      "room": "0103"
    }
  ],
  "term": "202001",
  "department": "History",
  "updated": "2020-08-03T19:40:02.182674Z"
}