{
  "id": "HIST396",
  "title": "Honors Colloquium II",
  "credits": "3",
  "description": "Prerequisite: Permission of ARHU-History department; or HIST395.\nRestriction: Must be in History program.",
  "grading-method": [
    "Reg",
    "P-F",
    "Aud"
  ],
  "sections": [
    {
      "id": "0101",
      "instructors": [
        "Thomas Zeller"
      ],
      "seats": 12,
      "open-seats": 0,
      "waitlist": 0,
      "days": "W",
      "start": "12:00pm",
      "end": "1:50pm",
      "building": "TLF",
      "room": "2101"
    }
  ],
  "term": "202001",
  "department": "History",
  "updated": "2020-08-03T19:40:22.410676Z"
}