{
  "id": "HIST110",
  "title": "The Ancient World",
  "credits": "3",
  "description": "Interpretation of select literature and art of the ancient Mediterranean world with a view to illuminating the antecedents of modern culture; religion and myth in the ancient Near East; Greek philosophical, scientific, and literary invention; and the Roman tradition in politics and administration.",
  "grading-method": [
    "Reg",
    "P-F",
    "Aud"
  ],
  "sections": [
    {
      "id": "0101",
      "instructors": [
        "Elizabeth Conner"
      ],
      "seats": 24,
      "open-seats": 3,
      "waitlist": 0,
      "days": "TuTh",
      "start": "12:30pm",
      "end": "1:20pm",
      "building": "TYD",
      "room": "2106"
    },
    {
      "id": "0102",
      "instructors": [
        "Elizabeth Conner"
      ],
      "seats": 24,
      "open-seats": 4,
      "waitlist": 0,
      "days": "TuTh",
      "start": "12:30pm",
      "end": "1:20pm",
      "building": "TYD",
      "room": "2106"
    },
    {
      "id": "0103",
      "instructors": [
        "Elizabeth Conner"
      ],
      "seats": 24,
      "open-seats": 2,
      "waitlist": 0,
      "days": "TuTh",
      "start": "12:30pm",
      "end": "1:20pm",
      "building": "TYD",
      "room": "2106"
    }
  ],
  "term": "202001",
  "department": "History",
  "updated": "2020-08-03T19:39:22.019562Z"
}