{
  "id": "HIST245",
  "title": "Reformers, Radicals, and Revolutionaries: The Middle East in the Twentieth Century",
  "credits": "3",
  "description": "Credit only granted for: HIST219W or HIST245.\nFormerly: HIST219W.",
  "grading-method": [
    "Reg",
    "P-F",
    "Aud"
  ],
  "sections": [
    {
      "id": "0101",
      "instructors": [
        "Peter Wien"
      ],
      "seats": 36,
      "open-seats": 16,
      "waitlist": 0,
      "days": "TuTh",
      "start": "11:00am",
      "end": "12:15pm",
      "building": "AJC",
      "room": "2119"
    }
  ],
  "term": "202001",
  "department": "History",
  "updated": "2020-08-03T19:39:43.440163Z"
}