{
  "id": "HIST425",
  "title": "Imperial Russia",
  "credits": "3",
  "description": "The rise and fall of the Russian Empire, Peter the Great to the collapse of tsarism in revolution. Emphasis on the evolution of autocracy, social groups, national identities, and cultural change.",
  "grading-method": [
    "Reg",
    "P-F",
    "Aud"
  ],
  "sections": [
    {
      "id": "0101",
      "instructors": [
        "Mikhail Dolbilov"
      ],
      "seats": 30,
      "open-seats": 11,
      "waitlist": 0,
      "days": "TuTh",
      "start": "3:30pm",
      "end": "4:45pm",
      "building": "TLF",
      "room": "1103"
    }
  ],
  "term": "202001",
  "department": "History",
  "updated": "2020-08-03T19:40:37.316948Z"
}