{
  "id": "HIST329A",
  "title": "Special Topics in History; Cities of Real & Imagined Disasters",
  "credits": "3",
  "description": "The history of real and imagined urban disasters in modern global history is examined through the study of events such as earthquakes, hurricanes, fires, terrorism, and the creation of monsters such as Godzilla and King Kong. The course includes the study of the significance of historical events such as Hurricane Katrina, the San Francisco and Mexico City earthquakes, Hiroshima, Chernobyl, and 9/11.",
  "grading-method": [
    "Reg",
    "P-F",
    "Aud"
  ],
  "sections": [
    {
      "id": "0101",
      "instructors": [
        "Daniel Richter"
      ],
      "seats": 30,
      "open-seats": 2,
      "waitlist": 0,
      "days": "MW",
      "start": "2:00pm",
      "end": "3:15pm",
      "building": "KNI",
      "room": "1103"
    }
  ],
  "term": "202001",
  "department": "History",
  "updated": "2020-08-03T19:40:11.992133Z"
}