{
  "id": "HIST607",
  "title": "The Teaching of History in Institutions of Higher Learning",
  "credits": "1",
  "description": "For majors only.",
  "grading-method": [
    "S-F"
  ],
  "sections": [
    {
      "id": "0101",
      "instructors": [
        "Alejandro Caneque"
      ],
      "seats": 15,
      "open-seats": 15,
      "waitlist": 0,
      "days": "",
      "start": "",
      "end": "",
      "building": "",
      "room": ""
    },
    {
      "id": "0201",
      "instructors": [
        "Antoine Borrut"
      ],
      "seats": 6,
      "open-seats": 6,
      "waitlist": 0,
      "days": "",
      "start": "",
      "end": "",
      "building": "",
      "room": ""
    }
  ],
  "term": "202001",
  "department": "History",
  "updated": "2020-08-03T19:41:00.333965Z"
}