{
  "id": "HIST639M",
  "title": "Special Topics in History; History & Memory in Medieval Islam",
  "credits": "3",
  "description": "",
  "grading-method": [
    "Reg",
    "Aud",
    "S-F"
  ],
  "sections": [
    {
      "id": "0101",
      "instructors": [
        "Antoine Borrut"
      ],
      "seats": 3,
      "open-seats": 1,
      "waitlist": 0,
      "days": "W",
      "start": "3:30pm",
      "end": "6:00pm",
      "building": "TLF",
      "room": "2100"
    }
  ],
  "term": "202001",
  "department": "History",
  "updated": "2020-08-03T19:41:08.331469Z"
}