{
  "id": "HIST200",
  "title": "Interpreting American History: Beginnings to 1877",
  "credits": "3",
  "description": "Credit only granted for: HIST156 or HIST200.\nFormerly: HIST156.",
  "grading-method": [
    "Reg",
    "P-F",
    "Aud"
  ],
  "sections": [
    {
      "id": "0101",
      "instructors": [
        "Christopher Bonner"
      ],
      "seats": 24,
      "open-seats": 0,
      "waitlist": 0,
      "days": "MW",
      "start": "10:00am",
      "end": "10:50am",
      "building": "KEY",
      "room": "0106"
    },
    {
      "id": "0102",
      "instructors": [
        "Christopher Bonner"
      ],
      "seats": 24,
      "open-seats": 0,
      "waitlist": 0,
      "days": "MW",
      "start": "10:00am",
      "end": "10:50am",
      "building": "KEY",
      "room": "0106"
    },
    {
      "id": "0103",
      "instructors": [
        "Christopher Bonner"
      ],
      "seats": 24,
      "open-seats": 0,
      "waitlist": 0,
      "days": "MW",
      "start": "10:00am",
      "end": "10:50am",
      "building": "KEY",
      "room": "0106"
    }
  ],
  "term": "202001",
  "department": "History",
  "updated": "2020-08-03T19:39:26.810519Z"
}