{
  "id": "HIST601",
  "title": "History and Contemporary Theory",
  "credits": "3",
  "description": "An introduction to contemporary theories in philosophy, literary criticism, cultural studies, anthropology, and other fields; and analysis of their usefulness to historians.",
  "grading-method": [
    "Reg",
    "Aud",
    "S-F"
  ],
  "sections": [
    {
      "id": "0101",
      "instructors": [
        "Bernard Cooperman"
      ],
      "seats": 12,
      "open-seats": 8,
      "waitlist": 0,
      "days": "W",
      "start": "3:30pm",
      "end": "6:00pm",
      "building": "TLF",
      "room": "2108"
    }
  ],
  "term": "202001",
  "department": "History",
  "updated": "2020-08-03T19:40:59.184652Z"
}