{
  "id": "HIST319I",
  "title": "Special Topics in History; The Lion and the Man: Frederick Douglass's Life and Times",
  "credits": "3",
  "description": "Cross-listed with AMST328Y. Credit granted for HIST319I or AMST328Y.",
  "grading-method": [
    "Reg",
    "P-F",
    "Aud"
  ],
  "sections": [
    {
      "id": "0101",
      "instructors": [
        "Christopher Bonner"
      ],
      "seats": 40,
      "open-seats": 6,
      "waitlist": 0,
      "days": "MW",
      "start": "2:00pm",
      "end": "3:15pm",
      "building": "KEY",
      "room": "0126"
    }
  ],
  "term": "202001",
  "department": "History",
  "updated": "2020-08-03T19:40:01.019136Z"
}