{
  "id": "HIST289N",
  "title": "The Politics of Sexuality in America: A Historical Approach",
  "credits": "3",
  "description": "Why do particular issues about sexuality hold such an important place in American political debates? What animates these controversies and what can a historical perspective on these issues add to our understanding of modern sexual politics? This class explores the historical sexual politics that undergird contemporary debates concerning sexuality in America. It focuses on topics that garner significant public attention - Reproductive rights - LGBTQ rights - Sexting - and explores the histories that undergird Americans disagreements.",
  "grading-method": [
    "Reg",
    "P-F",
    "Aud"
  ],
  "sections": [
    {
      "id": "0101",
      "instructors": [
        "Clare Lyons"
      ],
      "seats": 24,
      "open-seats": 1,
      "waitlist": 0,
      "days": "MW",
      "start": "1:00pm",
      "end": "1:50pm",
      "building": "SQH",
      "room": "1120"
    },
    {
      "id": "0102",
      "instructors": [
        "Clare Lyons"
      ],
      "seats": 24,
      "open-seats": 5,
      "waitlist": 0,
      "days": "MW",
      "start": "1:00pm",
      "end": "1:50pm",
      "building": "SQH",
      "room": "1120"
    },
    {
      "id": "0103",
      "instructors": [
        "Clare Lyons"
      ],
      "seats": 24,
      "open-seats": 0,
      "waitlist": 0,
      "days": "MW",
      "start": "1:00pm",
      "end": "1:50pm",
      "building": "SQH",
      "room": "1120"
    }
  ],
  "term": "202001",
  "department": "History",
  "updated": "2020-08-03T19:39:51.586416Z"
}