{
  "id": "HIST255",
  "title": "African-American History, 1865 - Present",
  "credits": "3",
  "description": "An introductory course in the African-American experience in the United States from 1865 to the present. Topics include the aftermath of the Civil War on US race relations, the rise of segregation, northern migration, World War I and II, Civil Rights Movements, and the Black Power Movement.",
  "grading-method": [
    "Reg",
    "P-F",
    "Aud"
  ],
  "sections": [
    {
      "id": "0101",
      "instructors": [
        "Quincy Mills"
      ],
      "seats": 35,
      "open-seats": 19,
      "waitlist": 0,
      "days": "TuTh",
      "start": "9:30am",
      "end": "10:45am",
      "building": "KEY",
      "room": "1117"
    }
  ],
  "term": "202001",
  "department": "History",
  "updated": "2020-08-03T19:39:45.754658Z"
}