{
  "id": "HIST289L",
  "title": "Comparative History of Crime and Punishment",
  "credits": "3",
  "description": "This course will explore the transformation of crime and punishment in England, France, and America over five centuries. In doing so, it will focus on the connections between forms of government, cultural norms, and punishment. How do ideas about government and its rightful exercise connect to which actions are deemed crimes, and to how those crimes are punished?",
  "grading-method": [
    "Reg",
    "P-F",
    "Aud"
  ],
  "sections": [
    {
      "id": "0101",
      "instructors": [
        "Holly Brewer"
      ],
      "seats": 24,
      "open-seats": 4,
      "waitlist": 0,
      "days": "TuTh",
      "start": "9:30am",
      "end": "10:20am",
      "building": "KEY",
      "room": "0106"
    },
    {
      "id": "0102",
      "instructors": [
        "Holly Brewer"
      ],
      "seats": 24,
      "open-seats": 6,
      "waitlist": 0,
      "days": "TuTh",
      "start": "9:30am",
      "end": "10:20am",
      "building": "KEY",
      "room": "0106"
    },
    {
      "id": "0103",
      "instructors": [
        "Holly Brewer"
      ],
      "seats": 24,
      "open-seats": 18,
      "waitlist": 0,
      "days": "TuTh",
      "start": "9:30am",
      "end": "10:20am",
      "building": "KEY",
      "room": "0106"
    }
  ],
  "term": "202001",
  "department": "History",
  "updated": "2020-08-03T19:39:50.391982Z"
}