{
  "id": "HIST819G",
  "title": "Special Topics in History: Independent Research; Research Seminar in Early America",
  "credits": "3",
  "description": "",
  "grading-method": [
    "Reg",
    "Aud",
    "S-F"
  ],
  "sections": [
    {
      "id": "0101",
      "instructors": [
        "Holly Brewer"
      ],
      "seats": 12,
      "open-seats": 5,
      "waitlist": 0,
      "days": "Tu",
      "start": "3:30pm",
      "end": "6:00pm",
      "building": "TLF",
      "room": "2108"
    }
  ],
  "term": "202001",
  "department": "History",
  "updated": "2020-08-03T19:41:19.649142Z"
}