{
  "id": "HIST285",
  "title": "East Asian Civilization II",
  "credits": "3",
  "description": "A survey of the historical development of modern Asia since 1700. Primarily concerned with the efforts of East Asians to preserve their traditional cultures in the face of Western expansion in the 18th and 19th centuries, and their attempts to survive as nations in the 20th century.",
  "grading-method": [
    "Reg",
    "P-F",
    "Aud"
  ],
  "sections": [],
  "term": "202001",
  "department": "History",
  "updated": "2019-10-16T23:36:03.010900Z"
}