{
  "id": "HIST428G",
  "title": "Selected Topics in History; Islamic Reformism",
  "credits": "3",
  "description": "",
  "grading-method": [
    "Reg",
    "P-F",
    "Aud"
  ],
  "sections": [
    {
      "id": "0101",
      "instructors": [
        "Peter Wien"
      ],
      "seats": 10,
      "open-seats": 8,
      "waitlist": 0,
      "days": "Tu",
      "start": "3:30pm",
      "end": "6:00pm",
      "building": "TLF",
      "room": "2100"
    }
  ],
  "term": "202001",
  "department": "History",
  "updated": "2020-08-03T19:40:39.615144Z"
}