{
  "id": "HIST320",
  "title": "Early Christianity: Jesus to Constantine",
  "credits": "3",
  "description": "Prerequisite: Must have completed one course in ancient history at the 200 level.\nCross-listed with JWST331.\nCredit only granted for: HIST320 or JWST331.",
  "grading-method": [
    "Reg",
    "P-F",
    "Aud"
  ],
  "sections": [
    {
      "id": "0101",
      "instructors": [
        "Elizabeth Conner"
      ],
      "seats": 40,
      "open-seats": 6,
      "waitlist": 0,
      "days": "TuTh",
      "start": "9:30am",
      "end": "10:45am",
      "building": "TYD",
      "room": "2110"
    }
  ],
  "term": "202001",
  "department": "History",
  "updated": "2020-08-03T19:40:05.013513Z"
}