{
  "id": "HIST328N",
  "title": "Selected Topics in History; The History of Medicine",
  "credits": "3",
  "description": "This course meets once per week on campus; the rest of the course content will be on ELMS. A history of medicine from antiquity to the present. Principal goals include the exploration of historical perspectives on the development of medical advances and practices such as diagnosis, therapeutics, surgery, nursing, dentistry, pharmacy, psychiatry, medical ethics, and the role of both men and women in shaping the history of medical sciences.",
  "grading-method": [
    "Reg",
    "P-F",
    "Aud"
  ],
  "sections": [
    {
      "id": "0101",
      "instructors": [
        "Philip Mackowiak"
      ],
      "seats": 40,
      "open-seats": 2,
      "waitlist": 0,
      "days": "Tu",
      "start": "11:00am",
      "end": "12:15pm",
      "building": "PHY",
      "room": "4221"
    }
  ],
  "term": "202001",
  "department": "History",
  "updated": "2020-08-03T19:40:10.807105Z"
}