{
  "id": "HIST419L",
  "title": "Special Topics in History; Postcolonialism",
  "credits": "3",
  "description": "Cross-listed with ANTH469L, AMST498F, ENGL479O, LASC448K, and PHIL428A. Credit only granted for HIST419L, ANTH469L, AMST498F, ENGL479O, LASC448K, or PHIL428A.",
  "grading-method": [
    "Reg",
    "P-F",
    "Aud"
  ],
  "sections": [
    {
      "id": "0101",
      "instructors": [
        "James Maffie"
      ],
      "seats": 40,
      "open-seats": 5,
      "waitlist": 0,
      "days": "TuTh",
      "start": "3:30pm",
      "end": "4:45pm",
      "building": "KEY",
      "room": "0116"
    }
  ],
  "term": "202001",
  "department": "History",
  "updated": "2020-08-03T19:40:36.164693Z"
}