{
  "id": "HIST221",
  "title": "Asian American History",
  "credits": "3",
  "description": "Cross-listed with AAST201.\nCredit only granted for: AAST201 or HIST221.",
  "grading-method": [
    "Reg",
    "P-F",
    "Aud"
  ],
  "sections": [
    {
      "id": "0101",
      "instructors": [
        "Terry Park"
      ],
      "seats": 60,
      "open-seats": 2,
      "waitlist": 0,
      "days": "TuTh",
      "start": "11:00am",
      "end": "12:15pm",
      "building": "SQH",
      "room": "1119"
    }
  ],
  "term": "202001",
  "department": "History",
  "updated": "2020-08-03T19:39:36.508173Z"
}