{
  "id": "HIST455",
  "title": "Constitutional History of the United States: Since 1865",
  "credits": "3",
  "description": "American public law and government, with emphasis on the interaction of government, law, and politics, and the relationship between the constitution and social forces and influences, the way in which constitutional principles, rules, ideas, and institutions affect events and are in turn affected by events. Major crises in American government and politics such as Reconstruction,the rise of corporate power, civil liberties during wartime, the New Deal era, the civil disorders of the 1960s.",
  "grading-method": [
    "Reg",
    "P-F",
    "Aud"
  ],
  "sections": [
    {
      "id": "0101",
      "instructors": [
        "Michael Ross"
      ],
      "seats": 40,
      "open-seats": 0,
      "waitlist": 0,
      "days": "TuTh",
      "start": "12:30pm",
      "end": "1:45pm",
      "building": "SQH",
      "room": "1119"
    }
  ],
  "term": "202001",
  "department": "History",
  "updated": "2020-08-03T19:40:51.154719Z"
}