{
  "id": "HIST429M",
  "title": "Special Topics in History; History & Memory in Medieval Islam",
  "credits": "3",
  "description": "",
  "grading-method": [
    "Reg",
    "P-F",
    "Aud"
  ],
  "sections": [
    {
      "id": "0101",
      "instructors": [
        "Antoine Borrut"
      ],
      "seats": 12,
      "open-seats": 7,
      "waitlist": 0,
      "days": "W",
      "start": "3:30pm",
      "end": "6:00pm",
      "building": "TLF",
      "room": "2100"
    }
  ],
  "term": "202001",
  "department": "History",
  "updated": "2020-08-03T19:40:44.201313Z"
}