{
  "id": "HIST328A",
  "title": "Selected Topics in History; \"Forging the Tortilla Curtain\": US-Mexican Borderlands History, 1800-Present",
  "credits": "3",
  "description": "Crosslisted with USLT318C. Credit only granted for HIST328A or USLT318C.",
  "grading-method": [
    "Reg",
    "P-F",
    "Aud"
  ],
  "sections": [
    {
      "id": "0101",
      "instructors": [
        "Chantel Rodriguez"
      ],
      "seats": 40,
      "open-seats": 2,
      "waitlist": 0,
      "days": "TuTh",
      "start": "11:00am",
      "end": "12:15pm",
      "building": "KEY",
      "room": "0126"
    }
  ],
  "term": "202001",
  "department": "History",
  "updated": "2020-08-03T19:40:08.496233Z"
}