{
  "id": "HIST208C",
  "title": "Historical Research and Methods Seminar; Sex, Race, Money, an the Law: Law's Influence on 20th Century America",
  "credits": "3",
  "description": "",
  "grading-method": [
    "Reg",
    "P-F"
  ],
  "sections": [
    {
      "id": "0101",
      "instructors": [
        "Brian Sarginger"
      ],
      "seats": 12,
      "open-seats": 3,
      "waitlist": 0,
      "days": "Th",
      "start": "11:00am",
      "end": "12:50pm",
      "building": "TLF",
      "room": "2100"
    },
    {
      "id": "0201",
      "instructors": [
        "Brian Sarginger"
      ],
      "seats": 12,
      "open-seats": 4,
      "waitlist": 0,
      "days": "Th",
      "start": "2:00pm",
      "end": "3:50pm",
      "building": "KEY",
      "room": "0117"
    }
  ],
  "term": "202001",
  "department": "History",
  "updated": "2020-08-03T19:39:31.834636Z"
}