{
  "id": "HIST408A",
  "title": "Senior Seminar; The Worlds of Benjamin Franklin",
  "credits": "3",
  "description": "To a remarkable extent, Franklin witnessed and created the world that seems familiar to us now. His long life (1706-1790) spanned most of the eighteenth century, making his incredibly varied accomplishments a superb measure of the cultural and historic changes in this era. What's more, he began his life at a modest level but then ended it as the most famous American of his day, his self-made manhood making him an excellent case study of the differences between ordinary and extraordinary lives, typical and atypical experiences, common and elite cultures.",
  "grading-method": [
    "Reg",
    "P-F"
  ],
  "sections": [
    {
      "id": "0101",
      "instructors": [
        "Richard Bell"
      ],
      "seats": 12,
      "open-seats": 5,
      "waitlist": 0,
      "days": "Tu",
      "start": "11:00am",
      "end": "12:50pm",
      "building": "TLF",
      "room": "2108"
    }
  ],
  "term": "202001",
  "department": "History",
  "updated": "2020-08-03T19:40:25.781124Z"
}