{
  "id": "HIST307",
  "title": "The Holocaust of European Jewry",
  "credits": "3",
  "description": "Cross-listed with JWST345.\nCredit only granted for: HIST307 or JWST345.",
  "grading-method": [
    "Reg",
    "P-F",
    "Aud"
  ],
  "sections": [
    {
      "id": "0101",
      "instructors": [
        "Marsha Rozenblit"
      ],
      "seats": 40,
      "open-seats": 1,
      "waitlist": 0,
      "days": "TuTh",
      "start": "11:00am",
      "end": "12:15pm",
      "building": "KEY",
      "room": "0103"
    }
  ],
  "term": "202001",
  "department": "History",
  "updated": "2020-08-03T19:39:57.548147Z"
}