{
  "id": "HIST329Z",
  "title": "Mizrahi Identity in Israel",
  "credits": "3",
  "description": "Cross-listed with: JWST319D, ISRL329M.\nCredit only granted for: JWST319D, HIST329Z, or ISRL329M.",
  "grading-method": [
    "Reg",
    "P-F",
    "Aud"
  ],
  "sections": [
    {
      "id": "0101",
      "instructors": [
        "Shay Hazkani"
      ],
      "seats": 20,
      "open-seats": 14,
      "waitlist": 0,
      "days": "TuTh",
      "start": "3:30pm",
      "end": "4:45pm",
      "building": "SQH",
      "room": "1119"
    }
  ],
  "term": "202001",
  "department": "History",
  "updated": "2020-08-03T19:40:16.628606Z"
}