{
  "id": "HIST619M",
  "title": "Special Topics in History; Readings in Nineteenth Century US History",
  "credits": "3",
  "description": "",
  "grading-method": [
    "Reg",
    "Aud",
    "S-F"
  ],
  "sections": [
    {
      "id": "0101",
      "instructors": [
        "Michael Ross"
      ],
      "seats": 12,
      "open-seats": 6,
      "waitlist": 0,
      "days": "Th",
      "start": "6:00pm",
      "end": "8:30pm",
      "building": "TLF",
      "room": "2108"
    }
  ],
  "term": "202001",
  "department": "History",
  "updated": "2020-08-03T19:41:04.865925Z"
}