{
  "id": "HIST319F",
  "title": "Special Topics in History; Modern African History through Film, Literature, and Music",
  "credits": "3",
  "description": "Approaches film, literature, and music as interpretive lenses through which to understand 19th- and 20th-century African history, with special emphasis on the ways that African artists have used creative genres to reclaim Africa s past while also imagining new futures.",
  "grading-method": [
    "Reg",
    "P-F",
    "Aud"
  ],
  "sections": [
    {
      "id": "0101",
      "instructors": [
        "Erin Mosely"
      ],
      "seats": 30,
      "open-seats": 12,
      "waitlist": 0,
      "days": "MW",
      "start": "2:00pm",
      "end": "3:15pm",
      "building": "TLF",
      "room": "1103"
    }
  ],
  "term": "202001",
  "department": "History",
  "updated": "2020-08-03T19:39:59.869924Z"
}