{
  "id": "HIST720",
  "title": "Readings in the History of the Catholic Church",
  "credits": "3",
  "description": "This is graduate-level readings seminar in the modern history of the Catholic Church. We will begin with the Reformation and proceed through the present day. This course will combine European history with global history, looking both at how the Church changed in the face of major turning points in modern European history (the Scientific, French, and Russian Revolutions; the two world wars; and the Cold War) and at its missionary encounters and long-term presence across the world (in Latin America, India, China, Africa, and North America).",
  "grading-method": [
    "Reg",
    "Aud",
    "S-F"
  ],
  "sections": [
    {
      "id": "0101",
      "instructors": [
        "Piotr H Kosicki"
      ],
      "seats": 12,
      "open-seats": 8,
      "waitlist": 0,
      "days": "W",
      "start": "6:00pm",
      "end": "8:30pm",
      "building": "TLF",
      "room": "2108"
    }
  ],
  "term": "202001",
  "department": "History",
  "updated": "2020-08-03T19:41:11.700292Z"
}