{
  "id": "HIST608B",
  "title": "General Seminar; American History",
  "credits": "3",
  "description": "Prerequisite: permission of department.",
  "grading-method": [
    "Reg",
    "Aud",
    "S-F"
  ],
  "sections": [
    {
      "id": "0101",
      "instructors": [
        "Saverio Giovacchini"
      ],
      "seats": 12,
      "open-seats": 4,
      "waitlist": 0,
      "days": "M",
      "start": "6:00pm",
      "end": "8:30pm",
      "building": "TLF",
      "room": "2108"
    }
  ],
  "term": "202001",
  "department": "History",
  "updated": "2020-08-03T19:41:01.493824Z"
}