{
  "id": "HIST429Z",
  "title": "Special Topics in History; Comparitive Colonialisms in Southeast Asia",
  "credits": "3",
  "description": "",
  "grading-method": [
    "Reg",
    "P-F",
    "Aud"
  ],
  "sections": [
    {
      "id": "0101",
      "instructors": [
        "Colleen Woods"
      ],
      "seats": 20,
      "open-seats": 4,
      "waitlist": 0,
      "days": "Tu",
      "start": "3:30pm",
      "end": "6:00pm",
      "building": "SQH",
      "room": "2113"
    }
  ],
  "term": "202001",
  "department": "History",
  "updated": "2020-08-03T19:40:47.644773Z"
}