{
  "id": "HIST476",
  "title": "Jews in Medieval Times 1000-1450",
  "credits": "3",
  "description": "Recommended: HIST282, HIST330, HIST331, or JWST234.\nCross-listed with J WST432.\nCredit only granted for: HIST476 or JWST432.",
  "grading-method": [
    "Reg",
    "P-F",
    "Aud"
  ],
  "sections": [
    {
      "id": "0101",
      "instructors": [
        "Bernard Cooperman"
      ],
      "seats": 30,
      "open-seats": 15,
      "waitlist": 0,
      "days": "MW",
      "start": "10:00am",
      "end": "10:50am",
      "building": "ESJ",
      "room": "2309"
    }
  ],
  "term": "202001",
  "department": "History",
  "updated": "2020-08-03T19:40:54.620515Z"
}