{
  "id": "HIST208A",
  "title": "Historical Research and Methods Seminar; The History of Religion--Faith, Myth, and Society",
  "credits": "3",
  "description": "",
  "grading-method": [
    "Reg",
    "P-F"
  ],
  "sections": [
    {
      "id": "0101",
      "instructors": [
        "Thomas Messersmith"
      ],
      "seats": 12,
      "open-seats": 4,
      "waitlist": 0,
      "days": "Tu",
      "start": "11:00am",
      "end": "12:50pm",
      "building": "KEY",
      "room": "0107"
    },
    {
      "id": "0201",
      "instructors": [
        "Thomas Messersmith"
      ],
      "seats": 12,
      "open-seats": 9,
      "waitlist": 0,
      "days": "Tu",
      "start": "2:00pm",
      "end": "3:50pm",
      "building": "KEY",
      "room": "0107"
    }
  ],
  "term": "202001",
  "department": "History",
  "updated": "2020-08-03T19:39:29.494929Z"
}