{
  "id": "HIST219I",
  "title": "Religions of the Ancient Near East",
  "credits": "3",
  "description": "Cross-listed with: JWST225, RELS219A.\nCredit only granted for: JWST225, HIST219I, or RELS219A.",
  "grading-method": [
    "Reg",
    "P-F",
    "Aud"
  ],
  "sections": [
    {
      "id": "0101",
      "instructors": [
        "Matthew Suriano"
      ],
      "seats": 40,
      "open-seats": 0,
      "waitlist": 0,
      "days": "TuTh",
      "start": "11:00am",
      "end": "12:15pm",
      "building": "PLS",
      "room": "1119"
    }
  ],
  "term": "202001",
  "department": "History",
  "updated": "2020-08-03T19:39:34.205177Z"
}