{
  "id": "HIST142",
  "title": "Looking at America through a Global Lens",
  "credits": "3",
  "description": "Credit only granted for: HIST289I or HIST142.\nFormerly: HIST289I.",
  "grading-method": [
    "Reg",
    "P-F",
    "Aud"
  ],
  "sections": [
    {
      "id": "0101",
      "instructors": [
        "Saverio Giovacchini"
      ],
      "seats": 24,
      "open-seats": 8,
      "waitlist": 0,
      "days": "MW",
      "start": "1:00pm",
      "end": "1:50pm",
      "building": "KEY",
      "room": "0106"
    },
    {
      "id": "0102",
      "instructors": [
        "Saverio Giovacchini"
      ],
      "seats": 24,
      "open-seats": 5,
      "waitlist": 0,
      "days": "MW",
      "start": "1:00pm",
      "end": "1:50pm",
      "building": "KEY",
      "room": "0106"
    },
    {
      "id": "0103",
      "instructors": [
        "Saverio Giovacchini"
      ],
      "seats": 24,
      "open-seats": 6,
      "waitlist": 0,
      "days": "MW",
      "start": "1:00pm",
      "end": "1:50pm",
      "building": "KEY",
      "room": "0106"
    }
  ],
  "term": "202001",
  "department": "History",
  "updated": "2020-08-03T19:39:25.598974Z"
}