{
  "id": "HIST111",
  "title": "The Medieval World",
  "credits": "3",
  "description": "The development of Europe in the Middle Ages; the role of religious values in shaping new social, economic, and political institutions; medieval literature, art and architecture.",
  "grading-method": [
    "Reg",
    "P-F",
    "Aud"
  ],
  "sections": [
    {
      "id": "0101",
      "instructors": [
        "Colleen Ho"
      ],
      "seats": 24,
      "open-seats": 2,
      "waitlist": 0,
      "days": "TuTh",
      "start": "11:00am",
      "end": "11:50am",
      "building": "KEY",
      "room": "0106"
    },
    {
      "id": "0102",
      "instructors": [
        "Colleen Ho"
      ],
      "seats": 24,
      "open-seats": 1,
      "waitlist": 0,
      "days": "TuTh",
      "start": "11:00am",
      "end": "11:50am",
      "building": "KEY",
      "room": "0106"
    },
    {
      "id": "0103",
      "instructors": [
        "Colleen Ho"
      ],
      "seats": 24,
      "open-seats": 0,
      "waitlist": 0,
      "days": "TuTh",
      "start": "11:00am",
      "end": "11:50am",
      "building": "KEY",
      "room": "0106"
    }
  ],
  "term": "202001",
  "department": "History",
  "updated": "2020-08-03T19:39:23.208217Z"
}