{
  "id": "HIST437",
  "title": "Modern France from Napoleon to De Gaulle",
  "credits": "3",
  "description": "The changing political and cultural values of French society in response to recurrent crises throughout the 19th and 20th centuries. Students should have had some previous survey of either Western civilization or European history.",
  "grading-method": [
    "Reg",
    "P-F",
    "Aud"
  ],
  "sections": [
    {
      "id": "0101",
      "instructors": [
        "Thomas Kaiser"
      ],
      "seats": 30,
      "open-seats": 6,
      "waitlist": 0,
      "days": "TuTh",
      "start": "11:00am",
      "end": "12:15pm",
      "building": "TLF",
      "room": "1103"
    }
  ],
  "term": "202001",
  "department": "History",
  "updated": "2020-08-03T19:40:49.939833Z"
}