{
  "id": "HIST408Y",
  "title": "Senior Seminar; Jewish Women and Modernity",
  "credits": "3",
  "description": "This research seminar will explore how Jewish women experienced modernization in Europe and America in the nineteenth and twentieth centuries. We will read memoirs of Jewish women in Germany, Russia, Poland, and the United States to see how they experienced assimilation, religious change, gender norms, education, and politics. Students will use primary sources to study Jewish women in these places and others.",
  "grading-method": [
    "Reg",
    "P-F"
  ],
  "sections": [
    {
      "id": "0101",
      "instructors": [
        "Marsha Rozenblit"
      ],
      "seats": 6,
      "open-seats": 1,
      "waitlist": 0,
      "days": "Tu",
      "start": "3:30pm",
      "end": "5:20pm",
      "building": "TLF",
      "room": "2101"
    }
  ],
  "term": "202001",
  "department": "History",
  "updated": "2020-08-03T19:40:31.550425Z"
}