{
  "id": "HIST324",
  "title": "Classical Greece",
  "credits": "3",
  "description": "The ancient Greeks from Homer to Socrates, 800-400 B.C. Society and religion of the city-state, the art and literature of Periclean Athens, the Peloponnesian War, and the intellectual circle of Socrates.",
  "grading-method": [
    "Reg",
    "P-F",
    "Aud"
  ],
  "sections": [
    {
      "id": "0101",
      "instructors": [
        "Elizabeth Conner"
      ],
      "seats": 40,
      "open-seats": 0,
      "waitlist": 0,
      "days": "TuTh",
      "start": "2:00pm",
      "end": "3:15pm",
      "building": "KEY",
      "room": "0126"
    }
  ],
  "term": "202001",
  "department": "History",
  "updated": "2020-08-03T19:40:07.338569Z"
}