{
  "id": "HIST329B",
  "title": "Special Topics in History; Drugs in the Modern World: From Opium Wars to the War on Drugs",
  "credits": "3",
  "description": "This course explores the history of drugs in a global context by focusing on the origins and demand for drugs including opium, alcohol, caffeine, cocaine, marijuana, heroin, OxyContin, and Viagra.",
  "grading-method": [
    "Reg",
    "P-F",
    "Aud"
  ],
  "sections": [
    {
      "id": "0101",
      "instructors": [
        "Daniel Richter"
      ],
      "seats": 40,
      "open-seats": 0,
      "waitlist": 0,
      "days": "MW",
      "start": "12:00pm",
      "end": "12:50pm",
      "building": "KEY",
      "room": "0103"
    }
  ],
  "term": "202001",
  "department": "History",
  "updated": "2020-08-03T19:40:13.148187Z"
}