{
  "id": "HIST108B",
  "title": "Freshman/Sophomore Seminar in History; Gandhi: The Individual in History",
  "credits": "3",
  "description": "Uses the life and legacy of Mohandas K. Gandhi, in modern India and beyond, as a starting point to explore the relationship between individuals in world history and the social contexts that produced them. Topics include non-violence, diet, sexuality, politics, law, technology, the environment, and representations in film and other media.",
  "grading-method": [
    "Reg",
    "P-F"
  ],
  "sections": [
    {
      "id": "0101",
      "instructors": [
        "Mircea Raianu"
      ],
      "seats": 15,
      "open-seats": 0,
      "waitlist": 0,
      "days": "TuTh",
      "start": "12:30pm",
      "end": "1:45pm",
      "building": "TLF",
      "room": "2103"
    }
  ],
  "term": "202001",
  "department": "History",
  "updated": "2020-08-03T19:39:20.871736Z"
}