{
  "id": "HIST429O",
  "title": "Special Topics in History; Righting Historical Wrongs: Global Struggles for Truth and Justice",
  "credits": "3",
  "description": "Explores the diverse range of approaches that societies around the world have adopted to investigate, adjudicate, acknowledge, or otherwise atone for mass violence and gross human rights abuses.",
  "grading-method": [
    "Reg",
    "P-F",
    "Aud"
  ],
  "sections": [
    {
      "id": "0101",
      "instructors": [
        "Erin Mosely"
      ],
      "seats": 18,
      "open-seats": 9,
      "waitlist": 0,
      "days": "W",
      "start": "3:30pm",
      "end": "6:00pm",
      "building": "TLF",
      "room": "1103"
    }
  ],
  "term": "202001",
  "department": "History",
  "updated": "2020-08-03T19:40:45.345084Z"
}