{
  "id": "PHPE401",
  "title": "Social Philosophy and Political Economy",
  "credits": "3",
  "description": "This course examines capitalism and socialism as differing modes of economic production through several different theoretical lenses. We begin by examining capitalism and socialism as they developed historically, by looking primarily at the work of Adam Smith and Karl Marx. Then, we turn our attention to one of the most important debates in 20th century economics: to what extent rational economic calculation is possible in a socialist commonwealth. After this we turn our attention to how capitalist and socialist modes of production functioned in practice. We end by turning our attention to the ethics of capitalism and socialism: which mode of economic production is most just?",
  "grading-method": [
    "Reg",
    "P-F",
    "Aud"
  ],
  "sections": [
    {
      "id": "0101",
      "instructors": [
        "Christopher Morris"
      ],
      "seats": 25,
      "open-seats": 0,
      "waitlist": 0,
      "days": "TuTh",
      "start": "2:00pm",
      "end": "3:15pm",
      "building": "ESJ",
      "room": "B0320"
    }
  ],
  "term": "202001",
  "department": "Philosophy, Politics, and Economics",
  "updated": "2020-08-03T20:01:32.363402Z"
}