{
  "id": "ARSC101",
  "title": "The USAF Today II",
  "credits": "1",
  "description": "Corequisite: AFROTC cadets must also register for ARSC059.",
  "grading-method": [
    "Reg",
    "P-F"
  ],
  "sections": [
    {
      "id": "0101",
      "instructors": [
        "Steven Freund"
      ],
      "seats": 22,
      "open-seats": 7,
      "waitlist": 0,
      "days": "Tu",
      "start": "9:00am",
      "end": "9:50am",
      "building": "HBK",
      "room": "0109"
    },
    {
      "id": "0102",
      "instructors": [
        "Steven Freund"
      ],
      "seats": 50,
      "open-seats": 0,
      "waitlist": 0,
      "days": "Th",
      "start": "9:00am",
      "end": "9:50am",
      "building": "CHM",
      "room": "1402"
    },
    {
      "id": "0103",
      "instructors": [
        "Steven Freund"
      ],
      "seats": 35,
      "open-seats": 27,
      "waitlist": 0,
      "days": "Th",
      "start": "1:00pm",
      "end": "1:50pm",
      "building": "HBK",
      "room": "0115"
    }
  ],
  "term": "202001",
  "department": "Air Science",
  "updated": "2020-08-03T18:51:12.851557Z"
}