{
  "id": "ARSC059",
  "title": "Air Force Officer Lab",
  "credits": "1",
  "description": "Restriction: Must be an AFROTC cadet. Repeatable to 10 credits if content differs. Additional information: This course does not carry any credit toward any degree at the University.",
  "grading-method": [
    "S-F"
  ],
  "sections": [
    {
      "id": "0101",
      "instructors": [
        "Zachary Crampton"
      ],
      "seats": 250,
      "open-seats": 63,
      "waitlist": 0,
      "days": "Th",
      "start": "7:00am",
      "end": "8:50am",
      "building": "ARM",
      "room": "0126"
    }
  ],
  "term": "202001",
  "department": "Air Science",
  "updated": "2020-08-03T18:51:11.695458Z"
}