{
  "id": "ARSC301",
  "title": "Management and Leadership II",
  "credits": "3",
  "description": "Corequisite: AFROTC cadets must also register for ARSC059; or permission of UGST-AFROTC-Air Science.\nRestriction: Junior standing or higher.",
  "grading-method": [
    "Reg",
    "P-F",
    "Aud"
  ],
  "sections": [
    {
      "id": "0101",
      "instructors": [
        "Joshua Rager"
      ],
      "seats": 50,
      "open-seats": 31,
      "waitlist": 0,
      "days": "Th",
      "start": "9:00am",
      "end": "12:00pm",
      "building": "BPS",
      "room": "1236"
    },
    {
      "id": "0102",
      "instructors": [
        "Joshua Rager"
      ],
      "seats": 18,
      "open-seats": 3,
      "waitlist": 0,
      "days": "TuTh",
      "start": "12:30pm",
      "end": "2:00pm",
      "building": "ARM",
      "room": "0118"
    }
  ],
  "term": "202001",
  "department": "Air Science",
  "updated": "2020-08-03T18:51:15.221910Z"
}