{
  "id": "ARSC201",
  "title": "The Development of Air Power II",
  "credits": "1",
  "description": "Corequisite: AFROTC cadets must also register for ARSC059.",
  "grading-method": [
    "Reg",
    "P-F"
  ],
  "sections": [
    {
      "id": "0101",
      "instructors": [
        "Zachary Crampton"
      ],
      "seats": 49,
      "open-seats": 10,
      "waitlist": 0,
      "days": "Th",
      "start": "10:00am",
      "end": "10:50am",
      "building": "PHY",
      "room": "4221"
    },
    {
      "id": "0102",
      "instructors": [
        "Zachary Crampton"
      ],
      "seats": 35,
      "open-seats": 34,
      "waitlist": 0,
      "days": "Th",
      "start": "2:00pm",
      "end": "2:50pm",
      "building": "TBA",
      "room": ""
    },
    {
      "id": "0103",
      "instructors": [
        "Zachary Crampton"
      ],
      "seats": 25,
      "open-seats": 10,
      "waitlist": 0,
      "days": "Tu",
      "start": "10:00am",
      "end": "10:50am",
      "building": "ARM",
      "room": "0118"
    }
  ],
  "term": "202001",
  "department": "Air Science",
  "updated": "2020-08-03T18:51:14.039364Z"
}