{
  "id": "ARSC401",
  "title": "National Security Forces in Contemporary American Society II",
  "credits": "3",
  "description": "Prerequisite: ARSC300 or ARSC301; or permission of UGST-AFROTC-Air Science.\nCorequisite: ARSC059; or permission of UGST-AFROTC-Air Science.\nRestriction: Senior standing.",
  "grading-method": [
    "Reg",
    "P-F",
    "Aud"
  ],
  "sections": [
    {
      "id": "0101",
      "instructors": [
        "Isham Nichols"
      ],
      "seats": 25,
      "open-seats": 2,
      "waitlist": 0,
      "days": "Th",
      "start": "9:00am",
      "end": "12:00pm",
      "building": "ARM",
      "room": "0118"
    },
    {
      "id": "0102",
      "instructors": [
        "Isham Nichols"
      ],
      "seats": 18,
      "open-seats": 12,
      "waitlist": 0,
      "days": "TuTh",
      "start": "2:00pm",
      "end": "3:30pm",
      "building": "ARM",
      "room": "0118"
    },
    {
      "id": "0103",
      "instructors": [
        "Isham Nichols"
      ],
      "seats": 15,
      "open-seats": 12,
      "waitlist": 0,
      "days": "MW",
      "start": "2:00pm",
      "end": "3:30pm",
      "building": "ARM",
      "room": "0118"
    }
  ],
  "term": "202001",
  "department": "Air Science",
  "updated": "2020-08-03T18:51:16.388407Z"
}