{
  "id": "MLAW358T",
  "title": "Selected Topics in Law and Society; Tackling Trafficking: The Legal System's Responses to Human Trafficking",
  "credits": "3",
  "description": "An examination of domestic and international legal responses to the perpetration of the various forms of human trafficking. Students will explore policy initiatives along with civil and criminal law techniques designed to punish traffickers and protect victims.",
  "grading-method": [
    "Reg",
    "P-F"
  ],
  "sections": [
    {
      "id": "0101",
      "instructors": [
        "Christine White"
      ],
      "seats": 20,
      "open-seats": 2,
      "waitlist": 0,
      "days": "TuTh",
      "start": "12:30pm",
      "end": "1:45pm",
      "building": "KEY",
      "room": "0121"
    }
  ],
  "term": "202001",
  "department": "MPower Undergraduate Law Programs",
  "updated": "2020-08-03T19:56:05.431467Z"
}