{
  "id": "MLAW404",
  "title": "Law & Society Capstone: Implications of Technology on Law & Society",
  "credits": "3",
  "description": "Restriction: Student must be enrolled in the Law and Society minor.",
  "grading-method": [
    "Reg",
    "P-F"
  ],
  "sections": [
    {
      "id": "0101",
      "instructors": [
        "William Mundy"
      ],
      "seats": 75,
      "open-seats": 22,
      "waitlist": 0,
      "days": "Tu",
      "start": "3:30pm",
      "end": "6:00pm",
      "building": "TYD",
      "room": "2109"
    }
  ],
  "term": "202001",
  "department": "MPower Undergraduate Law Programs",
  "updated": "2020-08-03T19:56:12.551302Z"
}