{
  "id": "MLAW358Z",
  "title": "Selected Topics in Law and Society; Police Discretion and the 4th Amendment",
  "credits": "3",
  "description": "An exploration of the power police officers display when they apply their discretion to stop, question or arrest individuals. Students will dissect State and Federal Court decisions regarding appropriate use of these powers sanctioned by the Fourth Amendment.",
  "grading-method": [
    "Reg",
    "P-F"
  ],
  "sections": [
    {
      "id": "0101",
      "instructors": [
        "Christine White"
      ],
      "seats": 20,
      "open-seats": 0,
      "waitlist": 0,
      "days": "MW",
      "start": "11:00am",
      "end": "12:15pm",
      "building": "KEY",
      "room": "0119"
    }
  ],
  "term": "202001",
  "department": "MPower Undergraduate Law Programs",
  "updated": "2020-08-03T19:56:10.205638Z"
}