{
  "id": "MLAW304",
  "title": "Introduction to Law and Social Inquiry",
  "credits": "3",
  "description": "Restriction: Must be in the Law and Society (MLAW) minor.",
  "grading-method": [
    "Reg",
    "P-F",
    "Aud"
  ],
  "sections": [
    {
      "id": "0101",
      "instructors": [
        "Robert Koulish"
      ],
      "seats": 20,
      "open-seats": 10,
      "waitlist": 0,
      "days": "W",
      "start": "3:00pm",
      "end": "5:30pm",
      "building": "TYD",
      "room": "3100"
    }
  ],
  "term": "202001",
  "department": "MPower Undergraduate Law Programs",
  "updated": "2020-08-03T19:56:00.270250Z"
}