{
  "id": "MLAW358Y",
  "title": "Selected Topics in Law and Society; Civil Rights and the Constitution",
  "credits": "3",
  "description": "Restriction: Must be enrolled in the Law and Society minor program. Jointly offered with GVPT432. Credit only granted for GVPT432 or MLAW358Y.\n\nA study of civil rights in the American consitutional context, emphasizing freedom of religion, freedom of expression, minority discrimination, and the rights of defendants.",
  "grading-method": [
    "Reg",
    "P-F"
  ],
  "sections": [
    {
      "id": "0101",
      "instructors": [
        "Michael Spivey"
      ],
      "seats": 5,
      "open-seats": 3,
      "waitlist": 0,
      "days": "MW",
      "start": "3:00pm",
      "end": "4:15pm",
      "building": "TYD",
      "room": "1102"
    }
  ],
  "term": "202001",
  "department": "MPower Undergraduate Law Programs",
  "updated": "2020-08-03T19:56:09.028964Z"
}