{
  "id": "MLAW358V",
  "title": "Selected Topics in Law and Society; Constitutional Difficulties in the Age of Trump",
  "credits": "3",
  "description": "",
  "grading-method": [
    "Reg",
    "P-F"
  ],
  "sections": [
    {
      "id": "0101",
      "instructors": [
        "Michael Spivey"
      ],
      "seats": 30,
      "open-seats": 1,
      "waitlist": 0,
      "days": "MW",
      "start": "9:30am",
      "end": "10:45am",
      "building": "TYD",
      "room": "2106"
    }
  ],
  "term": "202001",
  "department": "MPower Undergraduate Law Programs",
  "updated": "2020-08-03T19:56:06.589664Z"
}