{
  "id": "MLAW358W",
  "title": "Selected Topics in Law and Society; Courts, Law and Justice",
  "credits": "3",
  "description": "Restriction: Must be enrolled in the Law and Society minor program. Cross-listed with GVPT331. Credit only granted for GVPT331 or MLAW358W.",
  "grading-method": [
    "Reg",
    "P-F"
  ],
  "sections": [
    {
      "id": "0101",
      "instructors": [
        "Michael Spivey"
      ],
      "seats": 25,
      "open-seats": 0,
      "waitlist": 0,
      "days": "MW",
      "start": "1:00pm",
      "end": "1:50pm",
      "building": "JMZ",
      "room": "0220"
    },
    {
      "id": "0102",
      "instructors": [
        "Michael Spivey"
      ],
      "seats": 25,
      "open-seats": 0,
      "waitlist": 0,
      "days": "MW",
      "start": "1:00pm",
      "end": "1:50pm",
      "building": "JMZ",
      "room": "0220"
    },
    {
      "id": "0103",
      "instructors": [
        "Michael Spivey"
      ],
      "seats": 25,
      "open-seats": 0,
      "waitlist": 0,
      "days": "MW",
      "start": "1:00pm",
      "end": "1:50pm",
      "building": "JMZ",
      "room": "0220"
    },
    {
      "id": "0104",
      "instructors": [
        "Michael Spivey"
      ],
      "seats": 25,
      "open-seats": 0,
      "waitlist": 0,
      "days": "MW",
      "start": "1:00pm",
      "end": "1:50pm",
      "building": "JMZ",
      "room": "0220"
    },
    {
      "id": "0105",
      "instructors": [
        "Michael Spivey"
      ],
      "seats": 25,
      "open-seats": 1,
      "waitlist": 0,
      "days": "MW",
      "start": "1:00pm",
      "end": "1:50pm",
      "building": "JMZ",
      "room": "0220"
    },
    {
      "id": "0106",
      "instructors": [
        "Michael Spivey"
      ],
      "seats": 25,
      "open-seats": 0,
      "waitlist": 0,
      "days": "MW",
      "start": "1:00pm",
      "end": "1:50pm",
      "building": "JMZ",
      "room": "0220"
    }
  ],
  "term": "202001",
  "department": "MPower Undergraduate Law Programs",
  "updated": "2020-08-03T19:56:07.748307Z"
}