{
  "id": "MLAW305",
  "title": "Law and Legal Institutions in Social Context",
  "credits": "3",
  "description": "Prerequisite: MLAW304.\nRestriction: Must be a student in the Law and Society Minor.",
  "grading-method": [
    "Reg",
    "P-F"
  ],
  "sections": [
    {
      "id": "0101",
      "instructors": [
        "Christine White"
      ],
      "seats": 75,
      "open-seats": 27,
      "waitlist": 0,
      "days": "TuTh",
      "start": "11:00am",
      "end": "12:15pm",
      "building": "ASY",
      "room": "1213"
    }
  ],
  "term": "202001",
  "department": "MPower Undergraduate Law Programs",
  "updated": "2020-08-03T19:56:01.420045Z"
}