{
  "id": "MLAW388",
  "title": "Law and Society Internship",
  "credits": "1",
  "description": "Restricted to students within the Law and Society minor.",
  "grading-method": [
    "Reg",
    "P-F"
  ],
  "sections": [
    {
      "id": "0101",
      "instructors": [
        "Brandee Pettus"
      ],
      "seats": 30,
      "open-seats": 9,
      "waitlist": 0,
      "days": "",
      "start": "",
      "end": "",
      "building": "",
      "room": "ONLINE"
    },
    {
      "id": "0201",
      "instructors": [
        "Brandee Pettus"
      ],
      "seats": 6,
      "open-seats": 4,
      "waitlist": 0,
      "days": "",
      "start": "",
      "end": "",
      "building": "",
      "room": "ONLINE"
    }
  ],
  "term": "202001",
  "department": "MPower Undergraduate Law Programs",
  "updated": "2020-08-03T19:56:11.361360Z"
}