{
  "id": "MLAW358B",
  "title": "Selected Topics in Law and Society; Dealing with Social Injustice in Flint, Newark and Baltimore: The Impact of Lead Exposure on Kids, Families and Communit",
  "credits": "3",
  "description": "In thousands of communities across the United States, children are exposed to toxic substances such as lead. Places like Flint, Newark and Baltimore have become infamous in recent years because so many \"lead kids\" live in each community - a reflection of the impact of lead in the municipal water supply, of leaded paint in older homes, and of contaminated soil left by toxic industries and leaded gasoline. No level of lead exposure is safe: even at extremely low levels, lead can cause a brain injury that affects a child cognitively, behaviorally and physically. In this course, we will examine the many ways that social conditions leave children vulnerable to lead exposure and also deprive children, their families and their communities of access to just responses.",
  "grading-method": [
    "Reg",
    "P-F"
  ],
  "sections": [
    {
      "id": "0101",
      "instructors": [
        "Karen Czapanskiy"
      ],
      "seats": 20,
      "open-seats": 12,
      "waitlist": 0,
      "days": "TuTh",
      "start": "2:00pm",
      "end": "3:15pm",
      "building": "KEY",
      "room": "1117"
    }
  ],
  "term": "202001",
  "department": "MPower Undergraduate Law Programs",
  "updated": "2020-08-03T19:56:02.601815Z"
}