{
  "id": "MLAW150",
  "title": "Law in a Just Society",
  "credits": "3",
  "description": "Restriction: Must be in the College Park Scholars - Justice and Legal Thought program.",
  "grading-method": [
    "Reg",
    "P-F"
  ],
  "sections": [
    {
      "id": "0101",
      "instructors": [
        "David Gray"
      ],
      "seats": 25,
      "open-seats": 12,
      "waitlist": 0,
      "days": "TuTh",
      "start": "11:00am",
      "end": "11:50am",
      "building": "SKN",
      "room": "0200"
    },
    {
      "id": "0102",
      "instructors": [
        "David Gray"
      ],
      "seats": 25,
      "open-seats": 1,
      "waitlist": 0,
      "days": "TuTh",
      "start": "11:00am",
      "end": "11:50am",
      "building": "SKN",
      "room": "0200"
    },
    {
      "id": "0103",
      "instructors": [
        "David Gray"
      ],
      "seats": 25,
      "open-seats": 4,
      "waitlist": 0,
      "days": "TuTh",
      "start": "11:00am",
      "end": "11:50am",
      "building": "SKN",
      "room": "0200"
    }
  ],
  "term": "202001",
  "department": "MPower Undergraduate Law Programs",
  "updated": "2020-08-03T19:55:59.074729Z"
}