{
  "id": "EDCP797",
  "title": "Capstone Course: Program Planning",
  "credits": "3",
  "description": "Restriction: Must be in the School Counseling program.\nCredit only granted for: EDCP789T or EDCP797.\nFormerly: EDCP789T.",
  "grading-method": [
    "Reg",
    "Aud",
    "S-F"
  ],
  "sections": [
    {
      "id": "0101",
      "instructors": [
        "Natasha Mitchell"
      ],
      "seats": 10,
      "open-seats": 0,
      "waitlist": 0,
      "days": "Tu",
      "start": "4:00pm",
      "end": "7:00pm",
      "building": "EDU",
      "room": "2102"
    }
  ],
  "term": "202001",
  "department": "Education Counseling and Personnel Services",
  "updated": "2020-08-03T19:16:28.154658Z"
}