{
  "id": "EDCP738",
  "title": "Practicum in Child Assessment",
  "credits": "3",
  "description": "Class meets in 1102M Seneca Building.",
  "grading-method": [
    "Reg",
    "Aud",
    "S-F"
  ],
  "sections": [
    {
      "id": "0101",
      "instructors": [
        "William Young"
      ],
      "seats": 4,
      "open-seats": 1,
      "waitlist": 0,
      "days": "Th",
      "start": "1:00pm",
      "end": "4:00pm",
      "building": "TBA",
      "room": ""
    }
  ],
  "term": "202001",
  "department": "Education Counseling and Personnel Services",
  "updated": "2020-08-03T19:16:21.211056Z"
}