{
  "id": "EDCP210",
  "title": "Peer Counseling Skills and Mental Health Advocacy",
  "credits": "3",
  "description": "Restriction: Must not have completed EDCP310; and must not have completed PSYC433.\nCredit only granted for: EDCP210, EDCP310, or PSYC433.",
  "grading-method": [
    "Reg",
    "P-F"
  ],
  "sections": [
    {
      "id": "0101",
      "instructors": [
        "Samantha Sommer"
      ],
      "seats": 18,
      "open-seats": 0,
      "waitlist": 0,
      "days": "MW",
      "start": "9:30am",
      "end": "10:45am",
      "building": "EDU",
      "room": "3315"
    },
    {
      "id": "0301",
      "instructors": [
        "Jocelyn Yao"
      ],
      "seats": 18,
      "open-seats": 0,
      "waitlist": 0,
      "days": "MW",
      "start": "1:00pm",
      "end": "2:15pm",
      "building": "EDU",
      "room": "3236"
    },
    {
      "id": "0401",
      "instructors": [
        "Alexandria Travis"
      ],
      "seats": 18,
      "open-seats": 0,
      "waitlist": 0,
      "days": "MW",
      "start": "10:00am",
      "end": "11:15am",
      "building": "HBK",
      "room": "1108"
    },
    {
      "id": "0601",
      "instructors": [
        "Bhanu Moturu"
      ],
      "seats": 18,
      "open-seats": 0,
      "waitlist": 0,
      "days": "MW",
      "start": "12:00pm",
      "end": "1:15pm",
      "building": "LEF",
      "room": "1171"
    },
    {
      "id": "0701",
      "instructors": [
        "Kristin Meyering"
      ],
      "seats": 18,
      "open-seats": 0,
      "waitlist": 0,
      "days": "MW",
      "start": "10:00am",
      "end": "11:15am",
      "building": "EDU",
      "room": "3233"
    },
    {
      "id": "0801",
      "instructors": [
        "Priya Bansal"
      ],
      "seats": 18,
      "open-seats": 0,
      "waitlist": 0,
      "days": "MW",
      "start": "3:00pm",
      "end": "4:15pm",
      "building": "EDU",
      "room": "3236"
    }
  ],
  "term": "202001",
  "department": "Education Counseling and Personnel Services",
  "updated": "2020-08-03T19:16:02.132944Z"
}