{
  "id": "EDCP625",
  "title": "Counseling the Chemically Dependent",
  "credits": "3",
  "description": "Restriction: Must be in the School Counseling program; or permission of instructor.",
  "grading-method": [
    "Reg",
    "Aud",
    "S-F"
  ],
  "sections": [
    {
      "id": "0101",
      "instructors": [
        "Sylvia Huntley"
      ],
      "seats": 10,
      "open-seats": 0,
      "waitlist": 0,
      "days": "W",
      "start": "4:15pm",
      "end": "7:00pm",
      "building": "EDU",
      "room": "3236"
    }
  ],
  "term": "202001",
  "department": "Education Counseling and Personnel Services",
  "updated": "2020-08-03T19:16:10.823481Z"
}