{
  "id": "EDCP870",
  "title": "Professional Issues Seminar",
  "credits": "3",
  "description": "Credit only granted for: EDCP656 or EDCP870.\nFormerly: EDCP656.",
  "grading-method": [
    "Reg",
    "Aud",
    "S-F"
  ],
  "sections": [
    {
      "id": "0101",
      "instructors": [
        "Paul Gold"
      ],
      "seats": 15,
      "open-seats": 5,
      "waitlist": 0,
      "days": "Th",
      "start": "4:15pm",
      "end": "7:00pm",
      "building": "EDU",
      "room": "2102"
    }
  ],
  "term": "202001",
  "department": "Education Counseling and Personnel Services",
  "updated": "2020-08-03T19:16:32.683653Z"
}