{
  "id": "EDCP889I",
  "title": "Internship in Counseling and Personnel Services; Internship in School Psychology",
  "credits": "1",
  "description": "",
  "grading-method": [
    "Reg",
    "Aud",
    "S-F"
  ],
  "sections": [
    {
      "id": "5301",
      "instructors": [
        "Jill Jacobson"
      ],
      "seats": 6,
      "open-seats": 6,
      "waitlist": 0,
      "days": "Tu",
      "start": "5:00pm",
      "end": "7:00pm",
      "building": "TBA",
      "room": ""
    }
  ],
  "term": "202001",
  "department": "Education Counseling and Personnel Services",
  "updated": "2020-08-03T19:16:39.621475Z"
}