{
  "id": "EDCP635",
  "title": "School Consultation I",
  "credits": "3",
  "description": "Restriction: Must be in the School Counseling program; or must be in the School Psychology program; or permission of instructor.",
  "grading-method": [
    "Reg",
    "Aud",
    "S-F"
  ],
  "sections": [
    {
      "id": "0101",
      "instructors": [
        "Colleen O'Neal"
      ],
      "seats": 10,
      "open-seats": 3,
      "waitlist": 0,
      "days": "Tu",
      "start": "9:00am",
      "end": "11:45am",
      "building": "EDU",
      "room": "2102"
    }
  ],
  "term": "202001",
  "department": "Education Counseling and Personnel Services",
  "updated": "2020-08-03T19:16:14.281152Z"
}