{
  "id": "EDCP888C",
  "title": "Apprenticeship in Counseling and Personnel Services; School Psychology",
  "credits": "1",
  "description": "",
  "grading-method": [
    "Reg",
    "Aud",
    "S-F"
  ],
  "sections": [
    {
      "id": "0101",
      "instructors": [
        "Jill Jacobson"
      ],
      "seats": 15,
      "open-seats": 15,
      "waitlist": 0,
      "days": "W",
      "start": "1:00pm",
      "end": "3:45pm",
      "building": "TBA",
      "room": ""
    },
    {
      "id": "0201",
      "instructors": [
        "Hedwig Teglasi"
      ],
      "seats": 15,
      "open-seats": 8,
      "waitlist": 0,
      "days": "W",
      "start": "4:00pm",
      "end": "7:00pm",
      "building": "ASY",
      "room": "3203"
    },
    {
      "id": "0401",
      "instructors": [
        "Instructor: TBA"
      ],
      "seats": 15,
      "open-seats": 15,
      "waitlist": 0,
      "days": "",
      "start": "",
      "end": "",
      "building": "",
      "room": ""
    },
    {
      "id": "0501",
      "instructors": [
        "Judith Kinney"
      ],
      "seats": 10,
      "open-seats": 10,
      "waitlist": 0,
      "days": "",
      "start": "",
      "end": "",
      "building": "",
      "room": ""
    }
  ],
  "term": "202001",
  "department": "Education Counseling and Personnel Services",
  "updated": "2020-08-03T19:16:37.307776Z"
}