{
  "id": "EDCP612",
  "title": "Multicultural Issues in Counseling and Personnel Services",
  "credits": "3",
  "description": "Restriction: Permission of EDUC-Counseling, Higher Education and Special Education department.",
  "grading-method": [
    "Reg",
    "Aud",
    "S-F"
  ],
  "sections": [
    {
      "id": "0101",
      "instructors": [
        "Richard Shin"
      ],
      "seats": 15,
      "open-seats": 5,
      "waitlist": 0,
      "days": "M",
      "start": "4:15pm",
      "end": "7:00pm",
      "building": "EDU",
      "room": "2102"
    }
  ],
  "term": "202001",
  "department": "Education Counseling and Personnel Services",
  "updated": "2020-08-03T19:16:07.326509Z"
}