{
  "id": "EDCP690",
  "title": "Research in Counseling Psychology I",
  "credits": "3",
  "description": "Prerequisite: For Counseling Psychology majors only.\nCross-listed with PSYC690.\nFormerly: EDCP778.",
  "grading-method": [
    "Reg",
    "S-F"
  ],
  "sections": [
    {
      "id": "0101",
      "instructors": [
        "Dennis Kivlighan"
      ],
      "seats": 15,
      "open-seats": 10,
      "waitlist": 0,
      "days": "Th",
      "start": "1:00pm",
      "end": "3:45pm",
      "building": "EDU",
      "room": "2102"
    }
  ],
  "term": "202001",
  "department": "Education Counseling and Personnel Services",
  "updated": "2020-08-03T19:16:18.887751Z"
}