{
  "id": "EDCP693",
  "title": "Assessment in Counseling Psychology ii",
  "credits": "3",
  "description": "Prerequisite: For Counseling Psychology majors only.\nFormerly: EDCP789F.",
  "grading-method": [
    "Reg",
    "S-F"
  ],
  "sections": [
    {
      "id": "0101",
      "instructors": [
        "Kelly Lee"
      ],
      "seats": 20,
      "open-seats": 16,
      "waitlist": 0,
      "days": "W",
      "start": "8:50am",
      "end": "11:40am",
      "building": "JMZ",
      "room": "3122"
    }
  ],
  "term": "202001",
  "department": "Education Counseling and Personnel Services",
  "updated": "2020-08-03T19:16:20.041785Z"
}