{
  "id": "EDCP686",
  "title": "Counseling Psychology Didactic Practicum in Career Interventions",
  "credits": "3",
  "description": "Prerequisite: For Counseling Psychology majors only.\nFormerly: EDCP777.",
  "grading-method": [
    "S-F"
  ],
  "sections": [
    {
      "id": "0101",
      "instructors": [
        "Kelly Lee"
      ],
      "seats": 8,
      "open-seats": 4,
      "waitlist": 0,
      "days": "Th",
      "start": "12:00pm",
      "end": "3:00pm",
      "building": "SHM",
      "room": "1106A"
    }
  ],
  "term": "202001",
  "department": "Education Counseling and Personnel Services",
  "updated": "2020-08-03T19:16:17.728514Z"
}