{
  "id": "EDCP633",
  "title": "Diagnostic Appraisal of Children I",
  "credits": "3",
  "description": "Prerequisite: EDCP632.",
  "grading-method": [
    "Reg",
    "Aud",
    "S-F"
  ],
  "sections": [
    {
      "id": "0101",
      "instructors": [
        "Katie Burkhouse"
      ],
      "seats": 10,
      "open-seats": 4,
      "waitlist": 0,
      "days": "W",
      "start": "4:15pm",
      "end": "7:00pm",
      "building": "EDU",
      "room": "1107"
    }
  ],
  "term": "202001",
  "department": "Education Counseling and Personnel Services",
  "updated": "2020-08-03T19:16:13.124729Z"
}