{
  "id": "EDCP108I",
  "title": "College and Career Advancement: Concepts and Skills; Academic Transitions to Internships",
  "credits": "1",
  "description": "Restricted to students with less than 105 cumulative credits.\n\nRecommended for students who have never had an internship and are actively searching for one. Students participating in this course will engage in the full experience of searching for an internship. Course registration is closed to graduating seniors.\"",
  "grading-method": [
    "Reg",
    "P-F",
    "Aud"
  ],
  "sections": [
    {
      "id": "0101",
      "instructors": [
        "Madeline McCaslin"
      ],
      "seats": 30,
      "open-seats": 4,
      "waitlist": 0,
      "days": "",
      "start": "",
      "end": "",
      "building": "",
      "room": "ONLINE"
    },
    {
      "id": "0201",
      "instructors": [
        "Erica Ely"
      ],
      "seats": 30,
      "open-seats": 3,
      "waitlist": 0,
      "days": "",
      "start": "",
      "end": "",
      "building": "",
      "room": "ONLINE"
    },
    {
      "id": "0301",
      "instructors": [
        "Trisha Hongcharti"
      ],
      "seats": 30,
      "open-seats": 2,
      "waitlist": 0,
      "days": "",
      "start": "",
      "end": "",
      "building": "",
      "room": "ONLINE"
    },
    {
      "id": "0401",
      "instructors": [
        "Madeline McCaslin"
      ],
      "seats": 30,
      "open-seats": 1,
      "waitlist": 0,
      "days": "",
      "start": "",
      "end": "",
      "building": "",
      "room": "ONLINE"
    },
    {
      "id": "0501",
      "instructors": [
        "Erin Rooney-Eckel"
      ],
      "seats": 30,
      "open-seats": 0,
      "waitlist": 0,
      "days": "",
      "start": "",
      "end": "",
      "building": "",
      "room": "ONLINE"
    },
    {
      "id": "0601",
      "instructors": [
        "Sarah Vollaro"
      ],
      "seats": 30,
      "open-seats": 3,
      "waitlist": 0,
      "days": "",
      "start": "",
      "end": "",
      "building": "",
      "room": "ONLINE"
    }
  ],
  "term": "202001",
  "department": "Education Counseling and Personnel Services",
  "updated": "2020-08-03T19:16:00.905813Z"
}