{
  "id": "EDCP614",
  "title": "Counseling Skills: Introduction to Practicum",
  "credits": "3",
  "description": "Corequisite: EDCP616.",
  "grading-method": [
    "Reg",
    "Aud",
    "S-F"
  ],
  "sections": [
    {
      "id": "0101",
      "instructors": [
        "Roger Worthington"
      ],
      "seats": 15,
      "open-seats": 6,
      "waitlist": 0,
      "days": "W",
      "start": "1:30pm",
      "end": "4:15pm",
      "building": "LEF",
      "room": "1171"
    }
  ],
  "term": "202001",
  "department": "Education Counseling and Personnel Services",
  "updated": "2020-08-03T19:16:08.496258Z"
}