{
  "id": "EDCP621",
  "title": "Practicum in School Counseling",
  "credits": "3",
  "description": "Prerequisite: EDCP616.\nRestriction: Permission of EDUC-Counseling, Higher Education and Special Education department.\nCredit only granted for: EDCP619D or EDCP621.\nFormerly: EDCP619D.",
  "grading-method": [
    "Reg",
    "Aud",
    "S-F"
  ],
  "sections": [
    {
      "id": "0101",
      "instructors": [
        "Jessica McKechnie"
      ],
      "seats": 12,
      "open-seats": 6,
      "waitlist": 0,
      "days": "W",
      "start": "4:15pm",
      "end": "7:00pm",
      "building": "EDU",
      "room": "2102"
    },
    {
      "id": "0201",
      "instructors": [
        "Jessica McKechnie"
      ],
      "seats": 12,
      "open-seats": 8,
      "waitlist": 0,
      "days": "M",
      "start": "7:00pm",
      "end": "9:45pm",
      "building": "EDU",
      "room": "2101"
    }
  ],
  "term": "202001",
  "department": "Education Counseling and Personnel Services",
  "updated": "2020-08-03T19:16:09.654727Z"
}