{
  "id": "EDCP630",
  "title": "School-Based Behavioral Interventions",
  "credits": "3",
  "description": "Restriction: Permission of instructor; and must be in a major in EDUC-College of Education.",
  "grading-method": [
    "Reg",
    "S-F"
  ],
  "sections": [
    {
      "id": "0101",
      "instructors": [
        "Antoinette Goldthrite"
      ],
      "seats": 10,
      "open-seats": 6,
      "waitlist": 0,
      "days": "W",
      "start": "4:15pm",
      "end": "7:00pm",
      "building": "ASY",
      "room": "3219"
    }
  ],
  "term": "202001",
  "department": "Education Counseling and Personnel Services",
  "updated": "2020-08-03T19:16:11.975523Z"
}