{
  "id": "EDCP680",
  "title": "Basic Didactic Practicum in Counseling Psychology",
  "credits": "3",
  "description": "Prerequisite: For Counseling Psychology majors only.\nFormerly: PSYC776.",
  "grading-method": [
    "S-F"
  ],
  "sections": [
    {
      "id": "0101",
      "instructors": [
        "Pepper Phillips"
      ],
      "seats": 8,
      "open-seats": 3,
      "waitlist": 0,
      "days": "Tu",
      "start": "12:00pm",
      "end": "3:00pm",
      "building": "SHM",
      "room": "1106A"
    }
  ],
  "term": "202001",
  "department": "Education Counseling and Personnel Services",
  "updated": "2020-08-03T19:16:16.582157Z"
}