{
  "id": "EDCP798D",
  "title": "Special Problems in Counseling and Personnel Services; Advanced Qualitative Research and Data Analysis",
  "credits": "3",
  "description": "Prerequisite: EDCP773 or other introductory qualitative methods course.",
  "grading-method": [
    "Reg",
    "Aud",
    "S-F"
  ],
  "sections": [
    {
      "id": "0101",
      "instructors": [
        "Michelle Espino"
      ],
      "seats": 20,
      "open-seats": 16,
      "waitlist": 0,
      "days": "Tu",
      "start": "1:00pm",
      "end": "3:45pm",
      "building": "EDU",
      "room": "2102"
    }
  ],
  "term": "202001",
  "department": "Education Counseling and Personnel Services",
  "updated": "2020-08-03T19:16:30.419619Z"
}