{
  "id": "EDCP789B",
  "title": "Advanced Topics in Counseling and Personnel Services; Methods of Intervention",
  "credits": "3",
  "description": "",
  "grading-method": [
    "Reg",
    "Aud",
    "S-F"
  ],
  "sections": [
    {
      "id": "0101",
      "instructors": [
        "Cixin Wang"
      ],
      "seats": 10,
      "open-seats": 5,
      "waitlist": 0,
      "days": "M",
      "start": "9:45am",
      "end": "12:30pm",
      "building": "EDU",
      "room": "2102"
    }
  ],
  "term": "202001",
  "department": "Education Counseling and Personnel Services",
  "updated": "2020-08-03T19:16:25.845758Z"
}