{
  "id": "EDCP776",
  "title": "Social Justice in Student Affairs and Higher Education",
  "credits": "3",
  "description": "Prerequisite: EDCP771 or EDCP741; or permission of instructor.\nRestriction: Limited to college student personnel students only.",
  "grading-method": [
    "Reg",
    "Aud",
    "S-F"
  ],
  "sections": [
    {
      "id": "0101",
      "instructors": [
        "Kimberly Griffin"
      ],
      "seats": 20,
      "open-seats": 2,
      "waitlist": 0,
      "days": "Th",
      "start": "1:00pm",
      "end": "3:45pm",
      "building": "ARC",
      "room": "1127"
    }
  ],
  "term": "202001",
  "department": "Education Counseling and Personnel Services",
  "updated": "2020-08-03T19:16:22.364978Z"
}