{
  "id": "EDCP788",
  "title": "Advanced Practicum",
  "credits": "1",
  "description": "",
  "grading-method": [
    "Reg",
    "Aud",
    "S-F"
  ],
  "sections": [
    {
      "id": "5001",
      "instructors": [
        "John Zacker"
      ],
      "seats": 5,
      "open-seats": 5,
      "waitlist": 0,
      "days": "",
      "start": "",
      "end": "",
      "building": "",
      "room": ""
    },
    {
      "id": "5101",
      "instructors": [
        "Candace Moore"
      ],
      "seats": 2,
      "open-seats": 0,
      "waitlist": 0,
      "days": "",
      "start": "",
      "end": "",
      "building": "",
      "room": ""
    },
    {
      "id": "7001",
      "instructors": [
        "Julie Park"
      ],
      "seats": 1,
      "open-seats": 0,
      "waitlist": 0,
      "days": "",
      "start": "",
      "end": "",
      "building": "",
      "room": ""
    },
    {
      "id": "7301",
      "instructors": [
        "Kimberly Griffin"
      ],
      "seats": 5,
      "open-seats": 4,
      "waitlist": 0,
      "days": "",
      "start": "",
      "end": "",
      "building": "",
      "room": ""
    }
  ],
  "term": "202001",
  "department": "Education Counseling and Personnel Services",
  "updated": "2020-08-03T19:16:23.515007Z"
}