{
  "id": "EDCP105",
  "title": "Professional Development Leadership Diversity Seminar",
  "credits": "1",
  "description": "Restriction: Must be in the College Success Scholars Program; and permission of instructor.\nCredit only granted for: EDCP105 or EDCP108N.\nFormerly: EDCP108N.",
  "grading-method": [
    "Reg",
    "P-F"
  ],
  "sections": [
    {
      "id": "0101",
      "instructors": [
        "Christopher Lester"
      ],
      "seats": 40,
      "open-seats": 11,
      "waitlist": 0,
      "days": "W",
      "start": "6:00pm",
      "end": "7:50pm",
      "building": "ESJ",
      "room": "2212"
    }
  ],
  "term": "202001",
  "department": "Education Counseling and Personnel Services",
  "updated": "2020-08-03T19:15:59.750910Z"
}