{
  "id": "EDCP651",
  "title": "Group Counseling in Schools",
  "credits": "3",
  "description": "Prerequisite: EDCP616; and for school counseling and school psychology students only.\nRestriction: Permission of instructor.",
  "grading-method": [
    "Reg",
    "Aud",
    "S-F"
  ],
  "sections": [
    {
      "id": "0101",
      "instructors": [
        "Richard Shin"
      ],
      "seats": 10,
      "open-seats": 0,
      "waitlist": 0,
      "days": "Tu",
      "start": "4:15pm",
      "end": "7:00pm",
      "building": "EDU",
      "room": "2101"
    }
  ],
  "term": "202001",
  "department": "Education Counseling and Personnel Services",
  "updated": "2020-08-03T19:16:15.433971Z"
}