{
  "id": "EDCP879",
  "title": "Internship in School Counseling",
  "credits": "5",
  "description": "",
  "grading-method": [
    "Reg",
    "Aud",
    "S-F"
  ],
  "sections": [
    {
      "id": "0101",
      "instructors": [
        "Jessica McKechnie"
      ],
      "seats": 10,
      "open-seats": 10,
      "waitlist": 0,
      "days": "W",
      "start": "7:15pm",
      "end": "10:00pm",
      "building": "TBA",
      "room": ""
    }
  ],
  "term": "202001",
  "department": "Education Counseling and Personnel Services",
  "updated": "2020-08-03T19:16:33.844426Z"
}