{
  "id": "EDCP789N",
  "title": "Advanced Topics in Counseling and Personnel Services; Therapeutic Approaches with Children",
  "credits": "3",
  "description": "",
  "grading-method": [
    "Reg",
    "Aud",
    "S-F"
  ],
  "sections": [
    {
      "id": "0101",
      "instructors": [
        "Colleen O'Neal"
      ],
      "seats": 6,
      "open-seats": 3,
      "waitlist": 0,
      "days": "Tu",
      "start": "1:00pm",
      "end": "3:45pm",
      "building": "EDU",
      "room": "2101"
    }
  ],
  "term": "202001",
  "department": "Education Counseling and Personnel Services",
  "updated": "2020-08-03T19:16:27.007282Z"
}