{
  "id": "ITAL103",
  "title": "Intensive Elementary Italian",
  "credits": "4",
  "description": "Prerequisite: Must have appropriate Foreign Language Placement Test (FLPT) score.\nRestriction: Not open to fluent/native speakers of Italian.\nCredit only granted for: ITAL103 or ITAL121.",
  "grading-method": [
    "Reg",
    "P-F",
    "Aud"
  ],
  "sections": [
    {
      "id": "0201",
      "instructors": [
        "Mirella Vaglio"
      ],
      "seats": 20,
      "open-seats": 6,
      "waitlist": 0,
      "days": "TuTh",
      "start": "11:00am",
      "end": "12:15pm",
      "building": "KEY",
      "room": "1117"
    },
    {
      "id": "0301",
      "instructors": [
        "Joseph Falvo"
      ],
      "seats": 20,
      "open-seats": 4,
      "waitlist": 0,
      "days": "MW",
      "start": "2:00pm",
      "end": "3:15pm",
      "building": "JMZ",
      "room": "3203"
    }
  ],
  "term": "202001",
  "department": "Italian",
  "updated": "2020-08-03T19:46:34.130864Z"
}