{
  "id": "ITAL207",
  "title": "Reading and Writing in Italian",
  "credits": "3",
  "description": "Prerequisite: ITAL204; or students who have taken courses with comparable content may contact the department.\nRestriction: Must not be a fluent/native speaker of Italian.",
  "grading-method": [
    "Reg",
    "P-F",
    "Aud"
  ],
  "sections": [
    {
      "id": "0101",
      "instructors": [
        "Stefania Amodeo"
      ],
      "seats": 25,
      "open-seats": 17,
      "waitlist": 0,
      "days": "TuTh",
      "start": "12:30pm",
      "end": "1:45pm",
      "building": "JMZ",
      "room": "1117"
    }
  ],
  "term": "202001",
  "department": "Italian",
  "updated": "2020-08-03T19:46:37.609412Z"
}