{
  "id": "ITAL421",
  "title": "The Italian Renaissance",
  "credits": "3",
  "description": "Credit only granted for: ITAL421 or ITAL422.",
  "grading-method": [
    "Reg",
    "P-F",
    "Aud"
  ],
  "sections": [
    {
      "id": "0101",
      "instructors": [
        "Joseph Falvo"
      ],
      "seats": 15,
      "open-seats": 9,
      "waitlist": 0,
      "days": "MW",
      "start": "3:30pm",
      "end": "4:45pm",
      "building": "JMZ",
      "room": "3122"
    }
  ],
  "term": "202001",
  "department": "Italian",
  "updated": "2020-08-03T19:46:44.460714Z"
}