{
  "id": "ITAL399T",
  "title": "Directed Study in Italian; Italian Tutoring",
  "credits": "1",
  "description": "",
  "grading-method": [
    "Reg",
    "P-F",
    "Aud"
  ],
  "sections": [
    {
      "id": "2610",
      "instructors": [
        "Stefania Amodeo"
      ],
      "seats": 1,
      "open-seats": 0,
      "waitlist": 0,
      "days": "",
      "start": "",
      "end": "",
      "building": "",
      "room": ""
    },
    {
      "id": "2690",
      "instructors": [
        "Instructor: TBA"
      ],
      "seats": 1,
      "open-seats": 1,
      "waitlist": 0,
      "days": "",
      "start": "",
      "end": "",
      "building": "",
      "room": ""
    }
  ],
  "term": "202001",
  "department": "Italian",
  "updated": "2020-08-03T19:46:43.295305Z"
}