{
  "id": "ITAL478R",
  "title": "Colloquium in Italian; Italian Renaissance",
  "credits": "1",
  "description": "",
  "grading-method": [
    "Reg",
    "P-F",
    "Aud"
  ],
  "sections": [
    {
      "id": "0101",
      "instructors": [
        "Joseph Falvo"
      ],
      "seats": 5,
      "open-seats": 4,
      "waitlist": 0,
      "days": "",
      "start": "",
      "end": "",
      "building": "",
      "room": ""
    }
  ],
  "term": "202001",
  "department": "Italian",
  "updated": "2020-08-03T19:46:46.769584Z"
}