{
  "id": "ITAL436",
  "title": "Italian Cinema I: Neorealism",
  "credits": "3",
  "description": "Cross-listed with FILM441.\nCredit only granted for: FILM441 or ITAL436.",
  "grading-method": [
    "Reg",
    "P-F",
    "Aud"
  ],
  "sections": [
    {
      "id": "0101",
      "instructors": [
        "Mauro Resmini"
      ],
      "seats": 25,
      "open-seats": 1,
      "waitlist": 0,
      "days": "TuTh",
      "start": "3:30pm",
      "end": "4:45pm",
      "building": "ESJ",
      "room": "B0322"
    }
  ],
  "term": "202001",
  "department": "Italian",
  "updated": "2020-08-03T19:46:45.612070Z"
}