{
  "id": "ITAL204",
  "title": "Review Grammar and Composition",
  "credits": "3",
  "description": "Prerequisite: ITAL203 or ITAL122; or must have appropriate Foreign Language Placement Test (FLPT) score.",
  "grading-method": [
    "Reg",
    "P-F",
    "Aud"
  ],
  "sections": [
    {
      "id": "0101",
      "instructors": [
        "Stefania Amodeo"
      ],
      "seats": 20,
      "open-seats": 12,
      "waitlist": 0,
      "days": "MWF",
      "start": "11:00am",
      "end": "11:50am",
      "building": "JMZ",
      "room": "3203"
    }
  ],
  "term": "202001",
  "department": "Italian",
  "updated": "2020-08-03T19:46:36.458543Z"
}