{
  "id": "ITAL478Y",
  "title": "Colloquium in Italian; Italian Cinema I",
  "credits": "1",
  "description": "",
  "grading-method": [
    "Reg",
    "P-F",
    "Aud"
  ],
  "sections": [
    {
      "id": "0101",
      "instructors": [
        "Mauro Resmini"
      ],
      "seats": 5,
      "open-seats": 4,
      "waitlist": 0,
      "days": "Th",
      "start": "5:00pm",
      "end": "5:50pm",
      "building": "JMZ",
      "room": "2123"
    }
  ],
  "term": "202001",
  "department": "Italian",
  "updated": "2020-08-03T19:46:47.913508Z"
}