{
  "id": "ITAL203",
  "title": "Intensive Intermediate Italian",
  "credits": "4",
  "description": "Prerequisite: ITAL103; or must have appropriate Foreign Language Placement Test (FLPT) score.\nRestriction: Must not have completed ITAL122; and must not be a fluent/native speaker of Italian.\nCredit only granted for: ITAL203 or ITAL122.",
  "grading-method": [
    "Reg",
    "P-F",
    "Aud"
  ],
  "sections": [
    {
      "id": "0101",
      "instructors": [
        "Mirella Vaglio"
      ],
      "seats": 25,
      "open-seats": 0,
      "waitlist": 0,
      "days": "TuTh",
      "start": "2:00pm",
      "end": "3:15pm",
      "building": "JMZ",
      "room": "2122"
    }
  ],
  "term": "202001",
  "department": "Italian",
  "updated": "2020-08-03T19:46:35.299474Z"
}