{
  "id": "ITAL252",
  "title": "Stories of Italy",
  "credits": "3",
  "description": "Prerequisite: ITAL207; or permission of ARHU-School of Languages, Literatures, and Cultures department.\nRestriction: Must not be a fluent/native speaker of Italian.\nAdditional information: .",
  "grading-method": [
    "Reg",
    "P-F",
    "Aud"
  ],
  "sections": [
    {
      "id": "0101",
      "instructors": [
        "Stefania Amodeo"
      ],
      "seats": 20,
      "open-seats": 16,
      "waitlist": 0,
      "days": "MWF",
      "start": "1:00pm",
      "end": "1:50pm",
      "building": "JMZ",
      "room": "1117"
    }
  ],
  "term": "202001",
  "department": "Italian",
  "updated": "2020-08-03T19:46:38.757587Z"
}