{
  "id": "ITAL362",
  "title": "Survey of Italian Society and Culture: From the 1980s to thePresent Day",
  "credits": "3",
  "description": "Prerequisite: ITAL207; or permission of ARHU-School of Languages, Literatures, and Cultures department.",
  "grading-method": [
    "Reg",
    "P-F",
    "Aud"
  ],
  "sections": [
    {
      "id": "0101",
      "instructors": [
        "Stefania Amodeo"
      ],
      "seats": 20,
      "open-seats": 12,
      "waitlist": 0,
      "days": "MWF",
      "start": "10:00am",
      "end": "10:50am",
      "building": "JMZ",
      "room": "3203"
    }
  ],
  "term": "202001",
  "department": "Italian",
  "updated": "2020-08-03T19:46:39.904235Z"
}